<Ticker>,<DTYYYYMMDD>,<OpenFixed>,<HighFixed>,<LowFixed>,<CloseFixed>,<Volume>,<Open>,<High>,<Low>,<Close>,<VolumeDeal>,<VolumeFB>,<VolumeFS>
HVX,20170627,4.56,4.56,4.56,4.56,160,4.56,4.56,4.56,4.56,0,0,0
HVX,20170626,4.90,4.90,4.90,4.90,10,4.90,4.90,4.90,4.90,0,0,0
HVX,20170623,4.65,4.98,4.64,4.64,410,4.65,4.98,4.64,4.64,0,0,0
HVX,20170622,4.80,4.98,4.47,4.98,1300,4.80,4.98,4.47,4.98,0,0,0
HVX,20170621,4.65,4.80,4.65,4.80,10280,4.65,4.80,4.65,4.80,0,0,0
HVX,20170620,4.62,4.62,4.62,4.62,15120,4.62,4.62,4.62,4.62,0,0,0
HVX,20170619,4.60,4.60,4.32,4.32,2990,4.60,4.60,4.32,4.32,0,0,0
HVX,20170616,4.62,4.62,4.60,4.62,2850,4.62,4.62,4.60,4.62,0,0,0
HVX,20170615,4.35,4.36,4.32,4.32,6740,4.35,4.36,4.32,4.32,0,0,0
HVX,20170614,4.35,4.35,4.35,4.35,5000,4.35,4.35,4.35,4.35,0,0,0
HVX,20170613,4.65,4.89,4.35,4.35,16890,4.65,4.89,4.35,4.35,0,0,0
HVX,20170612,4.65,4.65,4.65,4.65,670,4.65,4.65,4.65,4.65,0,0,0
HVX,20170609,4.80,5.00,4.80,5.00,9300,4.80,5.00,4.80,5.00,0,0,0
HVX,20170608,4.40,4.70,4.38,4.70,46150,4.40,4.70,4.38,4.70,0,0,42460
HVX,20170607,4.40,4.40,4.40,4.40,200,4.40,4.40,4.40,4.40,0,0,200
HVX,20170606,4.40,4.40,4.40,4.40,14600,4.40,4.40,4.40,4.40,0,0,14600
HVX,20170605,4.38,4.40,4.37,4.40,2000,4.38,4.40,4.37,4.40,0,0,1000
HVX,20170531,4.36,4.40,4.36,4.40,1350,4.36,4.40,4.36,4.40,0,0,1000
HVX,20170530,4.40,4.40,4.40,4.40,18130,4.40,4.40,4.40,4.40,0,0,18130
HVX,20170529,4.40,4.40,4.35,4.40,21550,4.40,4.40,4.35,4.40,0,0,20530
HVX,20170526,4.40,4.40,4.40,4.40,19000,4.40,4.40,4.40,4.40,0,0,19000
HVX,20170525,4.41,4.41,4.40,4.40,2320,4.41,4.41,4.40,4.40,0,0,0
HVX,20170524,4.40,4.58,4.40,4.58,8910,4.40,4.58,4.40,4.58,0,0,0
HVX,20170523,4.60,4.60,4.49,4.49,770,4.60,4.60,4.49,4.49,57900,0,0
HVX,20170522,4.80,4.80,4.50,4.50,1600,4.80,4.80,4.50,4.50,0,0,0
HVX,20170519,4.80,4.90,4.80,4.80,12230,4.80,4.90,4.80,4.80,0,0,12120
HVX,20170518,4.70,4.70,4.70,4.70,13810,4.70,4.70,4.70,4.70,0,0,10000
HVX,20170517,4.40,4.40,4.40,4.40,500,4.40,4.40,4.40,4.40,0,0,0
HVX,20170516,4.80,4.80,4.60,4.60,1450,4.80,4.80,4.60,4.60,0,0,0
HVX,20170515,5.00,5.00,4.65,4.67,560,5.00,5.00,4.65,4.67,0,0,0
HVX,20170512,4.63,4.95,4.63,4.95,510,4.63,4.95,4.63,4.95,0,0,0
HVX,20170511,4.88,4.97,4.75,4.97,5880,4.88,4.97,4.75,4.97,0,0,0
HVX,20170510,5.20,5.55,5.05,5.10,670,5.20,5.55,5.05,5.10,0,0,0
HVX,20170509,5.42,5.42,5.42,5.42,10,5.42,5.42,5.42,5.42,0,0,0
HVX,20170508,5.43,5.43,5.00,5.20,160,5.43,5.43,5.00,5.20,0,0,0
HVX,20170505,4.85,5.21,4.65,5.21,1140,4.85,5.21,4.65,5.21,0,0,0
HVX,20170503,4.93,5.00,4.93,5.00,50,4.93,5.00,4.93,5.00,0,0,0
HVX,20170424,5.00,5.30,5.00,5.30,90,5.00,5.30,5.00,5.30,0,0,0
HVX,20170420,5.29,5.30,5.29,5.30,20,5.29,5.30,5.29,5.30,0,0,10
HVX,20170419,5.20,5.20,5.20,5.20,10,5.20,5.20,5.20,5.20,0,0,10
HVX,20170418,5.00,5.00,5.00,5.00,10,5.00,5.00,5.00,5.00,0,0,0
HVX,20170417,4.84,5.00,4.84,4.84,130,4.84,5.00,4.84,4.84,0,0,0
HVX,20170412,5.20,5.20,5.20,5.20,10,5.20,5.20,5.20,5.20,0,0,10
HVX,20170411,4.52,5.10,4.51,5.09,520,4.52,5.10,4.51,5.09,0,0,0
HVX,20170410,4.84,4.84,4.84,4.84,20,4.84,4.84,4.84,4.84,0,0,0
HVX,20170407,5.20,5.20,5.20,5.20,610,5.20,5.20,5.20,5.20,0,0,0
HVX,20170405,5.10,5.59,4.98,5.59,1820,5.10,5.59,4.98,5.59,0,0,0
HVX,20170404,5.35,5.35,5.35,5.35,10,5.35,5.35,5.35,5.35,0,0,0
HVX,20170403,5.30,5.30,5.30,5.30,10,5.30,5.30,5.30,5.30,0,0,10
HVX,20170331,4.65,5.20,4.65,5.20,420,4.65,5.20,4.65,5.20,0,0,10
HVX,20170330,5.00,5.00,5.00,5.00,770,5.00,5.00,5.00,5.00,0,0,0
HVX,20170322,5.15,5.15,5.15,5.15,10,5.15,5.15,5.15,5.15,0,0,0
HVX,20170321,4.95,4.95,4.95,4.95,2900,4.95,4.95,4.95,4.95,0,0,0
HVX,20170320,4.90,4.92,4.90,4.92,2280,4.90,4.92,4.90,4.92,0,0,0
HVX,20170317,4.60,4.60,4.60,4.60,500,4.60,4.60,4.60,4.60,0,0,0
HVX,20170316,4.88,4.88,4.87,4.87,1730,4.88,4.88,4.87,4.87,0,0,0
HVX,20170315,5.19,5.19,5.19,5.19,600,5.19,5.19,5.19,5.19,0,0,0
HVX,20170314,5.58,5.58,5.58,5.58,100,5.58,5.58,5.58,5.58,0,0,0
HVX,20170306,5.45,6.00,5.45,6.00,3010,5.45,6.00,5.45,6.00,0,0,0
HVX,20170302,5.21,5.85,5.21,5.85,190,5.21,5.85,5.21,5.85,0,0,0
HVX,20170301,5.03,5.65,5.03,5.60,1110,5.03,5.65,5.03,5.60,0,0,0
HVX,20170228,5.40,5.40,5.40,5.40,100,5.40,5.40,5.40,5.40,0,0,0
HVX,20170215,5.80,5.80,5.80,5.80,1000,5.80,5.80,5.80,5.80,0,0,0
HVX,20170117,5.80,5.80,5.80,5.80,10,5.80,5.80,5.80,5.80,0,0,0
HVX,20161221,6.00,6.00,6.00,6.00,20,6.00,6.00,6.00,6.00,0,0,0
HVX,20161208,5.86,5.86,5.86,5.86,10,5.86,5.86,5.86,5.86,0,0,0
HVX,20161207,4.93,5.58,4.93,5.58,40,4.93,5.58,4.93,5.58,0,0,0
HVX,20161202,4.92,5.30,4.92,5.30,210,4.92,5.30,4.92,5.30,0,0,0
HVX,20161201,5.28,5.28,4.65,5.28,30,5.28,5.28,4.65,5.28,0,0,0
HVX,20161125,5.00,5.00,5.00,5.00,80,5.00,5.00,5.00,5.00,0,0,0
HVX,20161124,4.90,5.00,4.90,5.00,270,4.90,5.00,4.90,5.00,0,0,0
HVX,20161121,5.00,5.00,4.90,4.90,2050,5.00,5.00,4.90,4.90,0,0,0
HVX,20161118,5.10,5.10,5.00,5.00,470,5.10,5.10,5.00,5.00,0,0,0
HVX,20161114,5.10,5.10,5.10,5.10,10,5.10,5.10,5.10,5.10,0,0,0
HVX,20161108,5.10,5.10,5.10,5.10,350,5.10,5.10,5.10,5.10,0,0,0
HVX,20161107,5.35,5.35,5.35,5.35,400,5.35,5.35,5.35,5.35,0,0,0
HVX,20161102,5.10,5.10,5.05,5.05,150,5.10,5.10,5.05,5.05,0,0,0
HVX,20161101,5.05,5.05,5.05,5.05,30,5.05,5.05,5.05,5.05,0,0,0
HVX,20161031,4.72,4.72,4.72,4.72,10,4.72,4.72,4.72,4.72,0,0,0
HVX,20161028,4.42,4.42,4.42,4.42,10000,4.42,4.42,4.42,4.42,0,0,0
HVX,20161024,4.74,4.74,4.74,4.74,3030,4.74,4.74,4.74,4.74,0,0,0
HVX,20161021,5.09,5.09,5.09,5.09,10,5.09,5.09,5.09,5.09,0,0,0
HVX,20161020,4.83,4.83,4.83,4.83,1000,4.83,4.83,4.83,4.83,0,0,0
HVX,20161019,4.85,4.85,4.52,4.52,30,4.85,4.85,4.52,4.52,0,0,0
HVX,20161018,4.85,4.85,4.85,4.85,10,4.85,4.85,4.85,4.85,0,0,0
HVX,20161017,4.54,4.54,4.54,4.54,10,4.54,4.54,4.54,4.54,0,0,0
HVX,20161010,4.25,4.25,4.25,4.25,5600,4.25,4.25,4.25,4.25,0,0,0
HVX,20161005,4.25,4.25,4.25,4.25,130,4.25,4.25,4.25,4.25,0,0,0
HVX,20160929,4.25,4.25,4.25,4.25,20,4.25,4.25,4.25,4.25,0,0,0
HVX,20160923,4.25,4.25,4.25,4.25,2000,4.25,4.25,4.25,4.25,0,0,0
HVX,20160921,4.54,4.54,4.54,4.54,250,4.54,4.54,4.54,4.54,0,0,0
HVX,20160914,4.88,4.88,4.88,4.88,650,4.88,4.88,4.88,4.88,0,0,0
HVX,20160913,5.24,5.24,5.24,5.24,10,5.24,5.24,5.24,5.24,0,0,0
HVX,20160912,4.90,4.90,4.90,4.90,30,4.90,4.90,4.90,4.90,0,0,0
HVX,20160905,4.60,4.60,4.60,4.60,30,4.60,4.60,4.60,4.60,0,0,0
HVX,20160901,4.50,4.50,4.50,4.50,220,4.50,4.50,4.50,4.50,0,0,0
HVX,20160831,4.50,4.50,4.50,4.50,580,4.50,4.50,4.50,4.50,0,0,0
HVX,20160830,4.40,4.50,4.40,4.50,6120,4.40,4.50,4.40,4.50,0,0,0
HVX,20160829,4.50,4.50,4.50,4.50,330,4.50,4.50,4.50,4.50,0,0,0
HVX,20160825,4.30,4.30,4.30,4.30,12010,4.30,4.30,4.30,4.30,0,0,0
HVX,20160824,4.40,4.40,4.30,4.30,10000,4.40,4.40,4.30,4.30,0,0,0
HVX,20160822,4.60,4.60,4.40,4.60,120,4.60,4.60,4.40,4.60,0,0,0
HVX,20160819,4.30,4.30,4.30,4.30,400,4.30,4.30,4.30,4.30,0,0,0
HVX,20160818,4.40,4.40,4.30,4.30,20,4.40,4.40,4.30,4.30,0,0,0
HVX,20160816,4.50,4.50,4.50,4.50,3000,4.50,4.50,4.50,4.50,0,0,0
HVX,20160810,4.30,4.60,4.30,4.60,540,4.30,4.60,4.30,4.60,0,0,0
HVX,20160808,4.30,4.30,4.30,4.30,2310,4.30,4.30,4.30,4.30,0,0,0
HVX,20160804,4.30,4.40,4.30,4.40,3510,4.30,4.40,4.30,4.40,0,0,0
HVX,20160803,4.30,4.30,4.30,4.30,3240,4.30,4.30,4.30,4.30,0,0,0
HVX,20160802,4.30,4.30,4.30,4.30,7000,4.30,4.30,4.30,4.30,0,0,0
HVX,20160801,4.50,4.50,4.40,4.40,1020,4.50,4.50,4.40,4.40,0,0,0
HVX,20160729,4.40,4.40,4.40,4.40,2000,4.40,4.40,4.40,4.40,0,0,0
HVX,20160728,4.40,4.40,4.40,4.40,1020,4.40,4.40,4.40,4.40,0,0,0
HVX,20160727,4.50,4.50,4.50,4.50,20,4.50,4.50,4.50,4.50,0,0,0
HVX,20160726,4.50,4.50,4.30,4.30,810,4.50,4.50,4.30,4.30,0,0,0
HVX,20160722,4.40,4.40,4.30,4.30,15900,4.40,4.40,4.30,4.30,0,0,0
HVX,20160721,4.30,4.30,4.30,4.30,7200,4.30,4.30,4.30,4.30,0,0,0
HVX,20160720,4.40,4.40,4.30,4.30,4340,4.40,4.40,4.30,4.30,0,0,0
HVX,20160718,4.60,4.60,4.60,4.60,50,4.60,4.60,4.60,4.60,0,0,0
HVX,20160715,4.90,4.90,4.80,4.80,80,4.90,4.90,4.80,4.80,0,0,0
HVX,20160714,4.90,4.90,4.90,4.90,140,4.90,4.90,4.90,4.90,0,0,0
HVX,20160713,4.70,4.70,4.70,4.70,290,4.70,4.70,4.70,4.70,0,0,0
HVX,20160712,4.70,4.70,4.30,4.70,210,4.70,4.70,4.30,4.70,0,0,0
HVX,20160711,4.40,4.40,4.40,4.40,1270,4.40,4.40,4.40,4.40,0,0,0
HVX,20160708,4.20,4.80,4.20,4.20,4240,4.20,4.80,4.20,4.20,0,0,0
HVX,20160707,5.00,5.00,4.50,4.50,10450,5.00,5.00,4.50,4.50,0,0,0
HVX,20160706,5.00,5.00,4.80,4.80,6080,5.00,5.00,4.80,4.80,0,0,0
HVX,20160704,5.20,5.20,5.10,5.10,20,5.20,5.20,5.10,5.10,0,0,0
HVX,20160701,5.10,5.10,5.10,5.10,100,5.10,5.10,5.10,5.10,0,0,0
HVX,20160630,5.00,5.00,5.00,5.00,200,5.00,5.00,5.00,5.00,0,0,0
HVX,20160629,5.30,5.30,5.30,5.30,10,5.30,5.30,5.30,5.30,0,0,0
HVX,20160628,5.80,5.80,5.20,5.20,260,5.80,5.80,5.20,5.20,0,0,0
HVX,20160627,5.80,5.80,5.50,5.50,110,5.80,5.80,5.50,5.50,0,0,0
HVX,20160624,5.50,5.50,5.30,5.50,50,5.50,5.50,5.30,5.50,0,0,0
HVX,20160623,5.80,5.80,5.20,5.60,540,5.80,5.80,5.20,5.60,0,0,0
HVX,20160617,5.50,5.50,5.50,5.50,10,5.50,5.50,5.50,5.50,0,0,0
HVX,20160616,5.20,5.20,5.20,5.20,10,5.20,5.20,5.20,5.20,0,0,0
HVX,20160609,5.50,5.50,5.50,5.50,10,5.50,5.50,5.50,5.50,0,0,0
HVX,20160608,5.50,5.50,5.40,5.40,20,5.50,5.50,5.40,5.40,0,0,0
HVX,20160607,5.40,5.40,5.40,5.40,10,5.40,5.40,5.40,5.40,0,0,0
HVX,20160606,5.20,5.50,5.20,5.40,1730,5.20,5.50,5.20,5.40,0,0,0
HVX,20160603,5.50,5.50,5.50,5.50,5000,5.50,5.50,5.50,5.50,0,0,0
HVX,20160601,6.10,6.10,5.60,5.90,1020,6.10,6.10,5.60,5.90,0,0,0
HVX,20160531,6.00,6.00,5.50,6.00,30,6.00,6.00,5.50,6.00,0,0,0
HVX,20160530,5.60,5.90,5.60,5.90,20,5.60,5.90,5.60,5.90,0,0,0
HVX,20160527,6.00,6.00,6.00,6.00,10,6.00,6.00,6.00,6.00,0,0,0
HVX,20160526,5.70,5.70,5.70,5.70,2390,5.70,5.70,5.70,5.70,0,0,0
HVX,20160525,5.40,6.10,5.40,6.10,90,5.40,6.10,5.40,6.10,0,0,0
HVX,20160524,5.60,5.80,5.20,5.80,5550,5.60,5.80,5.20,5.80,0,0,0
HVX,20160523,4.90,5.50,4.90,5.50,35710,4.90,5.50,4.90,5.50,0,0,0
HVX,20160520,4.60,5.20,4.60,5.20,20,4.60,5.20,4.60,5.20,0,0,0
HVX,20160519,4.90,4.90,4.90,4.90,10,4.90,4.90,4.90,4.90,0,0,0
HVX,20160517,5.20,5.20,5.20,5.20,10,5.20,5.20,5.20,5.20,0,0,0
HVX,20160516,5.50,5.50,5.50,5.50,10,5.50,5.50,5.50,5.50,0,0,0
HVX,20160513,5.40,5.90,5.40,5.90,30,5.40,5.90,5.40,5.90,0,0,0
HVX,20160511,5.80,5.80,5.80,5.80,10,5.80,5.80,5.80,5.80,0,0,0
HVX,20160505,5.60,5.60,5.60,5.60,10,5.60,5.60,5.60,5.60,0,0,0
HVX,20160504,5.50,5.50,5.50,5.50,10,5.50,5.50,5.50,5.50,0,0,0
HVX,20160429,5.20,5.20,5.20,5.20,10,5.20,5.20,5.20,5.20,0,0,0
HVX,20160428,4.90,4.90,4.90,4.90,10,4.90,4.90,4.90,4.90,0,0,0
HVX,20160427,4.60,4.60,4.60,4.60,40,4.60,4.60,4.60,4.60,0,0,0
HVX,20160419,4.60,4.60,4.30,4.30,510,4.60,4.60,4.30,4.30,0,0,0
HVX,20160412,4.60,4.60,4.60,4.60,10,4.60,4.60,4.60,4.60,0,0,0
HVX,20160411,4.90,4.90,4.30,4.90,900,4.90,4.90,4.30,4.90,0,0,0
HVX,20160408,4.60,4.60,4.60,4.60,1230,4.60,4.60,4.60,4.60,0,0,0
HVX,20160407,4.90,4.90,4.30,4.30,680,4.90,4.90,4.30,4.30,0,0,0
HVX,20160406,4.60,4.60,4.60,4.60,10,4.60,4.60,4.60,4.60,0,0,0
HVX,20160405,4.30,4.30,4.30,4.30,10,4.30,4.30,4.30,4.30,0,0,0
HVX,20160404,4.60,4.60,4.60,4.60,200,4.60,4.60,4.60,4.60,0,0,0
HVX,20160401,4.60,4.60,4.60,4.60,10,4.60,4.60,4.60,4.60,0,0,0
HVX,20160330,4.90,4.90,4.90,4.90,20,4.90,4.90,4.90,4.90,0,0,0
HVX,20160328,4.60,4.60,4.60,4.60,1000,4.60,4.60,4.60,4.60,0,0,0
HVX,20160324,5.20,5.20,4.90,4.90,1820,5.20,5.20,4.90,4.90,0,0,0
HVX,20160323,5.20,5.20,5.20,5.20,760,5.20,5.20,5.20,5.20,0,0,0
HVX,20160321,5.20,5.20,5.20,5.20,350,5.20,5.20,5.20,5.20,0,0,0
HVX,20160318,5.00,5.00,4.90,4.90,3640,5.00,5.00,4.90,4.90,0,0,0
HVX,20160317,5.20,5.20,5.20,5.20,180,5.20,5.20,5.20,5.20,0,0,0
HVX,20160316,6.20,6.20,5.40,5.40,170,6.20,6.20,5.40,5.40,0,10,0
HVX,20160314,5.80,5.80,5.80,5.80,20,5.80,5.80,5.80,5.80,0,0,0
HVX,20160310,6.20,6.20,6.20,6.20,10,6.20,6.20,6.20,6.20,0,10,0
HVX,20160309,5.80,5.80,5.80,5.80,400,5.80,5.80,5.80,5.80,0,0,0
HVX,20160307,6.20,6.20,6.20,6.20,10,6.20,6.20,6.20,6.20,0,10,0
HVX,20160304,6.10,6.10,5.80,5.80,60,6.10,6.10,5.80,5.80,0,10,0
HVX,20160303,5.80,5.80,5.80,5.80,10,5.80,5.80,5.80,5.80,0,0,0
HVX,20160219,6.20,6.20,6.20,6.20,30,6.20,6.20,6.20,6.20,0,0,0
HVX,20160204,6.20,6.20,6.20,6.20,10,6.20,6.20,6.20,6.20,0,10,0
HVX,20160203,5.80,5.80,5.80,5.80,10,5.80,5.80,5.80,5.80,0,10,0
HVX,20160202,6.30,6.30,5.50,5.50,2020,6.30,6.30,5.50,5.50,0,10,0
HVX,20160129,5.90,5.90,5.90,5.90,20,5.90,5.90,5.90,5.90,0,0,0
HVX,20160127,6.30,6.30,6.30,6.30,10,6.30,6.30,6.30,6.30,0,10,0
HVX,20160125,5.90,5.90,5.90,5.90,10,5.90,5.90,5.90,5.90,0,10,0
HVX,20160112,5.60,5.60,5.60,5.60,130,5.60,5.60,5.60,5.60,0,0,0
HVX,20160108,6.30,6.30,6.00,6.00,4000,6.30,6.30,6.00,6.00,0,0,0
HVX,20151204,6.40,6.40,6.40,6.40,10,6.40,6.40,6.40,6.40,0,0,0
HVX,20151130,6.40,6.40,5.70,6.40,614210,6.40,6.40,5.70,6.40,0,0,0
HVX,20151127,6.50,6.50,6.10,6.10,110,6.50,6.50,6.10,6.10,0,0,0
HVX,20151126,6.20,6.50,5.80,6.50,720,6.20,6.50,5.80,6.50,0,0,0
HVX,20151125,6.20,6.20,6.20,6.20,100,6.20,6.20,6.20,6.20,0,0,0
HVX,20151124,5.90,5.90,5.90,5.90,200,5.90,5.90,5.90,5.90,0,0,0
HVX,20151123,5.60,5.60,5.60,5.60,900,5.60,5.60,5.60,5.60,0,0,0
HVX,20151120,6.00,6.00,6.00,6.00,20,6.00,6.00,6.00,6.00,0,0,0
HVX,20151119,5.80,5.80,5.80,5.80,100,5.80,5.80,5.80,5.80,0,0,0
HVX,20151113,6.00,6.00,6.00,6.00,10,6.00,6.00,6.00,6.00,0,0,0
HVX,20151112,5.80,5.80,5.80,5.80,50,5.80,5.80,5.80,5.80,0,0,0
HVX,20151111,5.80,5.80,5.80,5.80,50,5.80,5.80,5.80,5.80,0,0,0
HVX,20151103,6.20,6.20,6.20,6.20,30,6.20,6.20,6.20,6.20,0,0,0
HVX,20151030,6.20,6.20,6.20,6.20,20,6.20,6.20,6.20,6.20,0,0,0
HVX,20151006,6.20,6.20,6.20,6.20,20,6.20,6.20,6.20,6.20,0,0,0
HVX,20150922,5.80,5.80,5.80,5.80,10,5.80,5.80,5.80,5.80,0,0,0
HVX,20150918,6.00,6.00,5.50,5.50,110,6.00,6.00,5.50,5.50,0,0,100
HVX,20150916,5.90,5.90,5.90,5.90,100,5.90,5.90,5.90,5.90,0,0,100
HVX,20150911,6.00,6.00,6.00,6.00,60,6.00,6.00,6.00,6.00,0,0,60
HVX,20150904,6.00,6.00,6.00,6.00,20,6.00,6.00,6.00,6.00,0,0,20
HVX,20150901,6.00,6.00,6.00,6.00,20,6.00,6.00,6.00,6.00,0,0,20
HVX,20150825,6.00,6.00,6.00,6.00,30,6.00,6.00,6.00,6.00,0,0,0
HVX,20150819,6.00,6.00,6.00,6.00,10,6.00,6.00,6.00,6.00,0,0,0
HVX,20150812,6.00,6.00,6.00,6.00,20,6.00,6.00,6.00,6.00,0,0,0
HVX,20150811,6.40,6.40,6.40,6.40,20,6.40,6.40,6.40,6.40,0,0,0
HVX,20150807,6.40,6.40,6.40,6.40,10,6.40,6.40,6.40,6.40,0,0,0
HVX,20150716,6.40,6.40,6.40,6.40,20,6.40,6.40,6.40,6.40,0,0,0
HVX,20150709,6.50,6.50,6.50,6.50,10,6.50,6.50,6.50,6.50,0,0,0
HVX,20150706,6.60,6.60,6.60,6.60,20,6.60,6.60,6.60,6.60,0,0,0
HVX,20150703,6.60,6.60,6.60,6.60,10,6.60,6.60,6.60,6.60,0,0,0
HVX,20150702,6.60,6.60,6.60,6.60,20,6.60,6.60,6.60,6.60,0,0,0
HVX,20150630,6.60,6.60,6.60,6.60,20,6.60,6.60,6.60,6.60,0,0,0
HVX,20150626,6.60,6.60,6.20,6.20,50,6.60,6.60,6.20,6.20,0,0,0
HVX,20150625,6.60,6.60,6.60,6.60,10,6.60,6.60,6.60,6.60,0,0,0
HVX,20150624,6.20,7.00,6.20,7.00,90,6.20,7.00,6.20,7.00,0,0,0
HVX,20150623,6.60,6.60,6.60,6.60,20,6.60,6.60,6.60,6.60,0,0,0
HVX,20150622,6.60,6.60,6.60,6.60,10,6.60,6.60,6.60,6.60,0,0,0
HVX,20150618,6.60,6.60,6.60,6.60,10,6.60,6.60,6.60,6.60,0,0,0
HVX,20150617,6.60,6.60,6.30,6.30,50,6.60,6.60,6.30,6.30,0,0,0
HVX,20150616,6.70,6.70,6.70,6.70,10,6.70,6.70,6.70,6.70,0,0,0
HVX,20150612,6.50,6.50,6.50,6.50,10,6.50,6.50,6.50,6.50,0,0,0
HVX,20150611,6.10,6.10,6.10,6.10,10,6.10,6.10,6.10,6.10,0,0,0
HVX,20150610,6.10,6.10,5.80,5.80,20,6.10,6.10,5.80,5.80,0,0,0
HVX,20150609,5.80,5.80,5.80,5.80,20,5.80,5.80,5.80,5.80,0,0,0
HVX,20150605,6.10,6.10,6.10,6.10,10,6.10,6.10,6.10,6.10,0,0,0
HVX,20150604,5.80,5.80,5.80,5.80,40,5.80,5.80,5.80,5.80,0,0,0
HVX,20150603,5.50,5.50,5.50,5.50,20,5.50,5.50,5.50,5.50,0,0,0
HVX,20150529,5.40,5.40,5.30,5.30,1050,5.40,5.40,5.30,5.30,0,0,0
HVX,20150528,5.60,5.60,5.60,5.60,3190,5.60,5.60,5.60,5.60,0,0,0
HVX,20150526,5.60,5.70,5.60,5.70,770,5.60,5.70,5.60,5.70,0,0,0
HVX,20150520,5.70,5.70,5.70,5.70,10,5.70,5.70,5.70,5.70,0,0,0
HVX,20150519,5.80,5.80,5.80,5.80,10,5.80,5.80,5.80,5.80,0,0,0
HVX,20150515,5.70,5.70,5.70,5.70,500,5.70,5.70,5.70,5.70,0,0,0
HVX,20150511,6.10,6.10,6.10,6.10,10,6.10,6.10,6.10,6.10,0,0,0
HVX,20150508,6.10,6.10,6.10,6.10,200,6.10,6.10,6.10,6.10,0,0,0
HVX,20150506,6.10,6.10,6.10,6.10,60,6.10,6.10,6.10,6.10,0,0,0
HVX,20150424,6.40,6.40,6.40,6.40,20,6.40,6.40,6.40,6.40,0,0,0
HVX,20150414,6.60,6.60,6.60,6.60,10,6.60,6.60,6.60,6.60,0,0,0
HVX,20150327,7.00,7.00,7.00,7.00,10,7.00,7.00,7.00,7.00,0,0,0
HVX,20150325,6.60,6.60,6.60,6.60,20,6.60,6.60,6.60,6.60,0,0,0
HVX,20150324,6.00,6.20,6.00,6.20,20,6.00,6.20,6.00,6.20,0,0,0
HVX,20150317,6.20,6.20,6.20,6.20,10,6.20,6.20,6.20,6.20,0,0,0
HVX,20150316,6.20,6.20,6.20,6.20,10,6.20,6.20,6.20,6.20,0,0,0
HVX,20150309,6.00,6.00,6.00,6.00,200,6.00,6.00,6.00,6.00,0,0,0
HVX,20150306,6.10,6.20,6.10,6.20,390,6.10,6.20,6.10,6.20,0,0,0
HVX,20150305,6.50,6.50,6.50,6.50,10,6.50,6.50,6.50,6.50,0,0,0
HVX,20150304,6.20,6.20,6.20,6.20,10,6.20,6.20,6.20,6.20,0,0,0
HVX,20150227,6.00,6.00,6.00,6.00,10,6.00,6.00,6.00,6.00,0,0,0
HVX,20150226,6.40,6.40,6.40,6.40,910,6.40,6.40,6.40,6.40,0,0,0
HVX,20150225,6.00,6.00,6.00,6.00,50,6.00,6.00,6.00,6.00,0,0,0
HVX,20150211,5.90,5.90,5.90,5.90,580,5.90,5.90,5.90,5.90,0,0,0
HVX,20150209,5.60,5.80,5.60,5.60,2540,5.60,5.80,5.60,5.60,0,0,0
HVX,20150206,5.50,5.50,5.50,5.50,10,5.50,5.50,5.50,5.50,0,0,0
HVX,20150205,5.60,5.60,5.60,5.60,10,5.60,5.60,5.60,5.60,0,0,0
HVX,20150130,6.00,6.00,6.00,6.00,80,6.00,6.00,6.00,6.00,0,0,0
HVX,20150129,6.00,6.00,6.00,6.00,220,6.00,6.00,6.00,6.00,0,0,0
HVX,20150128,6.50,6.50,6.00,6.00,5010,6.50,6.50,6.00,6.00,0,0,0
HVX,20150127,6.40,6.40,6.00,6.40,350,6.40,6.40,6.00,6.40,0,0,0
HVX,20150126,6.00,6.40,6.00,6.00,320,6.00,6.40,6.00,6.00,0,0,0
HVX,20150123,6.00,6.00,6.00,6.00,10,6.00,6.00,6.00,6.00,0,0,0
HVX,20150122,5.70,5.70,5.70,5.70,10,5.70,5.70,5.70,5.70,0,0,0
HVX,20150120,5.60,5.90,5.60,5.60,1200,5.60,5.90,5.60,5.60,0,0,0
HVX,20150119,5.60,5.60,5.60,5.60,100,5.60,5.60,5.60,5.60,0,0,0
HVX,20150115,5.70,5.70,5.70,5.70,1010,5.70,5.70,5.70,5.70,0,0,0
HVX,20150114,6.10,6.10,6.10,6.10,50,6.10,6.10,6.10,6.10,0,0,0
HVX,20150112,6.50,6.50,6.10,6.50,1080,6.50,6.50,6.10,6.50,0,0,0
HVX,20150109,6.30,6.50,6.30,6.50,130,6.30,6.50,6.30,6.50,0,0,0
HVX,20150108,6.40,6.40,6.30,6.30,320,6.40,6.40,6.30,6.30,0,0,0
HVX,20150107,6.00,6.00,5.90,6.00,2440,6.00,6.00,5.90,6.00,0,0,0
HVX,20150106,5.70,5.70,5.70,5.70,10,5.70,5.70,5.70,5.70,0,0,0
HVX,20141231,5.40,5.40,5.40,5.40,4370,5.40,5.40,5.40,5.40,0,0,0
HVX,20141229,6.00,6.00,5.70,5.70,3500,6.00,6.00,5.70,5.70,0,0,0
HVX,20141226,5.90,6.00,5.90,6.00,20,5.90,6.00,5.90,6.00,0,0,0
HVX,20141225,6.30,6.30,6.30,6.30,10,6.30,6.30,6.30,6.30,0,0,0
HVX,20141224,5.90,5.90,5.90,5.90,10,5.90,5.90,5.90,5.90,0,0,0
HVX,20141219,6.30,6.30,6.30,6.30,10,6.30,6.30,6.30,6.30,0,0,0
HVX,20141218,5.90,5.90,5.90,5.90,480,5.90,5.90,5.90,5.90,0,0,0
HVX,20141215,5.70,5.70,5.70,5.70,200,5.70,5.70,5.70,5.70,0,0,0
HVX,20141211,5.70,6.50,5.70,5.70,3930,5.70,6.50,5.70,5.70,0,0,0
HVX,20141210,5.80,6.10,5.80,6.10,410,5.80,6.10,5.80,6.10,0,0,0
HVX,20141209,5.80,5.80,5.80,5.80,510,5.80,5.80,5.80,5.80,0,0,0
HVX,20141205,5.90,6.10,5.90,6.10,460,5.90,6.10,5.90,6.10,0,0,0
HVX,20141204,6.20,6.20,6.20,6.20,10,6.20,6.20,6.20,6.20,0,0,0
HVX,20141203,5.90,5.90,5.90,5.90,120,5.90,5.90,5.90,5.90,30000,0,0
HVX,20141202,6.10,6.20,6.10,6.20,20,6.10,6.20,6.10,6.20,0,0,0
HVX,20141201,5.80,5.80,5.80,5.80,60,5.80,5.80,5.80,5.80,0,0,0
HVX,20141128,5.90,5.90,5.90,5.90,10,5.90,5.90,5.90,5.90,0,0,0
HVX,20141126,6.30,6.30,6.30,6.30,20,6.30,6.30,6.30,6.30,70000,0,0
HVX,20141125,5.60,6.30,5.60,6.30,520,5.60,6.30,5.60,6.30,0,0,0
HVX,20141124,6.30,6.30,5.90,5.90,2000,6.30,6.30,5.90,5.90,0,0,0
HVX,20141121,6.30,6.30,6.30,6.30,20,6.30,6.30,6.30,6.30,0,0,0
HVX,20141120,5.90,5.90,5.90,5.90,10,5.90,5.90,5.90,5.90,0,0,0
HVX,20141119,5.90,5.90,5.70,5.70,6510,5.90,5.90,5.70,5.70,0,0,0
HVX,20141118,5.70,6.00,5.70,6.00,3980,5.70,6.00,5.70,6.00,0,0,0
HVX,20141117,6.00,6.00,5.70,5.70,30,6.00,6.00,5.70,5.70,0,0,0
HVX,20141114,5.70,5.70,5.70,5.70,50,5.70,5.70,5.70,5.70,0,0,0
HVX,20141113,6.10,6.10,6.10,6.10,2970,6.10,6.10,6.10,6.10,0,0,0
HVX,20141112,6.50,6.50,6.50,6.50,20,6.50,6.50,6.50,6.50,0,0,0
HVX,20141110,6.00,6.50,6.00,6.50,90,6.00,6.50,6.00,6.50,0,0,0
HVX,20141107,6.40,6.40,6.30,6.40,2920,6.40,6.40,6.30,6.40,0,0,0
HVX,20141106,6.20,6.20,6.20,6.20,20,6.20,6.20,6.20,6.20,0,0,0
HVX,20141105,6.50,6.50,5.90,5.90,1960,6.50,6.50,5.90,5.90,0,0,0
HVX,20141104,6.30,6.30,6.20,6.30,610,6.30,6.30,6.20,6.30,0,0,0
HVX,20141103,5.60,5.90,5.60,5.90,120,5.60,5.90,5.60,5.90,0,0,0
HVX,20141031,5.70,5.90,5.70,5.90,200,5.70,5.90,5.70,5.90,0,0,0
HVX,20141030,5.60,5.60,5.60,5.60,10,5.60,5.60,5.60,5.60,0,0,0
HVX,20141028,5.50,5.50,5.50,5.50,2610,5.50,5.50,5.50,5.50,0,0,0
HVX,20141027,5.60,5.70,5.60,5.60,2510,5.60,5.70,5.60,5.60,0,0,0
HVX,20141024,5.60,5.60,5.60,5.60,270,5.60,5.60,5.60,5.60,0,0,0
HVX,20141023,5.60,5.60,5.60,5.60,10,5.60,5.60,5.60,5.60,0,0,0
HVX,20141022,5.50,5.60,5.40,5.40,14910,5.50,5.60,5.40,5.40,0,0,0
HVX,20141021,5.60,5.70,5.60,5.60,13520,5.60,5.70,5.60,5.60,0,0,4660
HVX,20141020,6.00,6.00,6.00,6.00,15090,6.00,6.00,6.00,6.00,0,0,15090
HVX,20141017,6.30,6.40,6.30,6.40,30,6.30,6.40,6.30,6.40,0,0,0
HVX,20141016,6.60,6.60,6.00,6.00,20,6.60,6.60,6.00,6.00,0,0,0
HVX,20141015,6.30,6.30,6.30,6.30,10,6.30,6.30,6.30,6.30,0,0,0
HVX,20141014,6.00,6.00,6.00,6.00,10,6.00,6.00,6.00,6.00,0,0,0
HVX,20141013,6.20,6.20,6.20,6.20,130,6.20,6.20,6.20,6.20,0,0,0
HVX,20141010,6.40,6.40,6.30,6.30,190,6.40,6.40,6.30,6.30,0,0,0
HVX,20141009,6.00,6.40,6.00,6.40,5200,6.00,6.40,6.00,6.40,0,0,0
HVX,20141007,6.10,6.10,6.00,6.00,6000,6.10,6.10,6.00,6.00,0,0,0
HVX,20141006,6.00,6.30,6.00,6.30,510,6.00,6.30,6.00,6.30,0,0,0
HVX,20141003,6.10,6.20,6.10,6.20,120,6.10,6.20,6.10,6.20,0,0,0
HVX,20141002,5.80,5.80,5.80,5.80,190,5.80,5.80,5.80,5.80,0,0,0
HVX,20141001,5.80,5.80,5.50,5.50,20,5.80,5.80,5.50,5.50,0,0,0
HVX,20140930,5.80,5.80,5.80,5.80,10,5.80,5.80,5.80,5.80,0,0,0
HVX,20140929,5.70,6.20,5.70,6.20,20,5.70,6.20,5.70,6.20,0,0,0
HVX,20140926,5.90,6.10,5.90,6.10,2310,5.90,6.10,5.90,6.10,0,0,0
HVX,20140923,6.00,6.30,6.00,6.30,220,6.00,6.30,6.00,6.30,0,0,0
HVX,20140922,6.00,6.00,6.00,6.00,200,6.00,6.00,6.00,6.00,0,0,0
HVX,20140919,6.10,6.10,6.00,6.00,20,6.10,6.10,6.00,6.00,0,0,0
HVX,20140918,6.10,6.30,6.10,6.10,3140,6.10,6.30,6.10,6.10,0,3120,0
HVX,20140917,6.60,6.60,6.10,6.10,7000,6.60,6.60,6.10,6.10,0,0,0
HVX,20140916,5.70,6.20,5.70,6.20,5050,5.70,6.20,5.70,6.20,0,3000,0
HVX,20140915,5.60,5.80,5.60,5.80,5330,5.60,5.80,5.60,5.80,0,900,0
HVX,20140912,5.60,5.70,5.60,5.70,7390,5.60,5.70,5.60,5.70,0,4160,0
HVX,20140911,6.10,6.10,5.70,6.00,2920,6.10,6.10,5.70,6.00,0,2440,0
HVX,20140910,6.10,6.10,6.10,6.10,110,6.10,6.10,6.10,6.10,0,0,0
HVX,20140909,6.60,6.60,6.50,6.50,360,6.60,6.60,6.50,6.50,0,0,0
HVX,20140908,6.20,6.20,5.80,6.20,4820,6.20,6.20,5.80,6.20,0,0,0
HVX,20140905,5.80,5.80,5.80,5.80,1750,5.80,5.80,5.80,5.80,0,0,0
HVX,20140904,5.50,5.50,5.50,5.50,22000,5.50,5.50,5.50,5.50,0,0,0
HVX,20140903,5.20,5.20,5.20,5.20,10,5.20,5.20,5.20,5.20,0,0,0
HVX,20140829,5.50,5.50,5.50,5.50,120,5.50,5.50,5.50,5.50,0,0,0
HVX,20140828,5.40,5.90,5.40,5.90,20,5.40,5.90,5.40,5.90,0,0,0
HVX,20140827,5.70,5.70,5.70,5.70,2000,5.70,5.70,5.70,5.70,0,0,0
HVX,20140826,6.00,6.00,5.90,6.00,160,6.00,6.00,5.90,6.00,0,0,0
HVX,20140825,5.90,5.90,5.90,5.90,510,5.90,5.90,5.90,5.90,0,0,0
HVX,20140822,6.00,6.00,5.90,5.90,30,6.00,6.00,5.90,5.90,0,0,0
HVX,20140821,5.60,5.70,5.60,5.70,5550,5.60,5.70,5.60,5.70,0,0,0
HVX,20140820,5.20,5.60,5.20,5.60,3050,5.20,5.60,5.20,5.60,0,20,0
HVX,20140819,5.50,5.50,5.50,5.50,10,5.50,5.50,5.50,5.50,0,0,0
HVX,20140818,5.30,5.30,5.30,5.30,600,5.30,5.30,5.30,5.30,0,0,0
HVX,20140814,5.50,5.50,5.50,5.50,10,5.50,5.50,5.50,5.50,0,0,0
HVX,20140812,5.50,5.50,5.50,5.50,500,5.50,5.50,5.50,5.50,0,0,0
HVX,20140811,5.60,5.80,5.60,5.80,1140,5.60,5.80,5.60,5.80,0,0,0
HVX,20140807,5.60,5.60,5.60,5.60,70,5.60,5.60,5.60,5.60,0,0,0
HVX,20140806,5.50,5.60,5.50,5.50,8380,5.50,5.60,5.50,5.50,0,0,0
HVX,20140805,5.10,5.30,5.10,5.30,9600,5.10,5.30,5.10,5.30,0,4100,0
HVX,20140801,5.20,5.30,5.00,5.00,2120,5.20,5.30,5.00,5.00,0,0,0
HVX,20140731,4.90,5.20,4.80,5.20,140,4.90,5.20,4.80,5.20,0,0,0
HVX,20140730,5.00,5.00,5.00,5.00,200,5.00,5.00,5.00,5.00,0,0,0
HVX,20140728,5.10,5.10,5.10,5.10,1530,5.10,5.10,5.10,5.10,0,0,0
HVX,20140725,5.10,5.40,5.10,5.10,6560,5.10,5.40,5.10,5.10,0,0,0
HVX,20140724,5.30,5.40,5.10,5.40,11080,5.30,5.40,5.10,5.40,0,0,0
HVX,20140722,5.00,5.30,5.00,5.10,2700,5.00,5.30,5.00,5.10,0,2010,0
HVX,20140721,5.00,5.00,5.00,5.00,3530,5.00,5.00,5.00,5.00,0,0,0
HVX,20140717,4.70,4.70,4.70,4.70,10,4.70,4.70,4.70,4.70,0,0,0
HVX,20140716,4.60,4.60,4.50,4.50,4000,4.60,4.60,4.50,4.50,0,0,0
HVX,20140715,4.60,4.60,4.60,4.60,20,4.60,4.60,4.60,4.60,0,0,0
HVX,20140714,4.60,4.80,4.60,4.80,20,4.60,4.80,4.60,4.80,0,0,0
HVX,20140710,4.60,4.60,4.60,4.60,1400,4.60,4.60,4.60,4.60,0,0,0
HVX,20140709,4.70,4.70,4.70,4.70,110,4.70,4.70,4.70,4.70,0,0,0
HVX,20140708,4.60,4.60,4.60,4.60,1320,4.60,4.60,4.60,4.60,0,0,0
HVX,20140703,4.60,4.60,4.60,4.60,20,4.60,4.60,4.60,4.60,0,0,0
HVX,20140702,4.80,4.80,4.80,4.80,10,4.80,4.80,4.80,4.80,0,0,0
HVX,20140630,4.70,4.70,4.70,4.70,20,4.70,4.70,4.70,4.70,0,0,0
HVX,20140626,5.00,5.00,5.00,5.00,10,5.00,5.00,5.00,5.00,0,0,0
HVX,20140625,5.00,5.00,5.00,5.00,10,5.00,5.00,5.00,5.00,0,0,0
HVX,20140624,4.50,4.90,4.50,4.90,970,4.50,4.90,4.50,4.90,0,0,0
HVX,20140620,5.10,5.10,4.60,4.60,20,5.10,5.10,4.60,4.60,0,0,0
HVX,20140619,4.90,4.90,4.90,4.90,10,4.90,4.90,4.90,4.90,0,0,0
HVX,20140617,4.60,4.60,4.60,4.60,10,4.60,4.60,4.60,4.60,0,0,0
HVX,20140613,4.60,4.90,4.60,4.60,2050,4.60,4.90,4.60,4.60,0,0,0
HVX,20140611,4.70,4.70,4.70,4.70,10,4.70,4.70,4.70,4.70,0,0,0
HVX,20140609,5.00,5.00,5.00,5.00,1740,5.00,5.00,5.00,5.00,0,0,0
HVX,20140606,4.80,4.80,4.80,4.80,10,4.80,4.80,4.80,4.80,0,0,0
HVX,20140605,4.70,4.80,4.70,4.80,660,4.70,4.80,4.70,4.80,0,0,0
HVX,20140603,4.60,4.60,4.50,4.50,4440,4.60,4.60,4.50,4.50,0,0,0
HVX,20140602,4.70,4.70,4.70,4.70,20,4.70,4.70,4.70,4.70,0,0,0
HVX,20140529,4.50,5.00,4.50,5.00,20420,4.50,5.00,4.50,5.00,0,0,0
HVX,20140528,4.70,4.70,4.70,4.70,50,4.70,4.70,4.70,4.70,0,0,0
HVX,20140527,4.40,4.40,4.40,4.40,6720,4.40,4.40,4.40,4.40,0,0,0
HVX,20140526,5.30,5.30,4.70,4.70,110,5.30,5.30,4.70,4.70,0,0,0
HVX,20140523,5.00,5.00,5.00,5.00,20,5.00,5.00,5.00,5.00,0,0,0
HVX,20140522,5.30,5.30,5.20,5.30,320,5.30,5.30,5.20,5.30,0,0,0
HVX,20140521,5.00,5.40,5.00,5.40,1510,5.00,5.40,5.00,5.40,0,0,0
HVX,20140519,5.10,5.10,5.10,5.10,10,5.10,5.10,5.10,5.10,0,0,0
HVX,20140516,5.40,5.40,5.40,5.40,70,5.40,5.40,5.40,5.40,0,0,0
HVX,20140512,4.90,5.20,4.70,5.20,6480,4.90,5.20,4.70,5.20,0,0,0
HVX,20140509,5.20,5.20,4.70,5.00,3560,5.20,5.20,4.70,5.00,0,0,0
HVX,20140508,5.00,5.00,5.00,5.00,560,5.00,5.00,5.00,5.00,0,0,0
HVX,20140506,5.30,5.30,5.30,5.30,90,5.30,5.30,5.30,5.30,0,0,0
HVX,20140429,4.80,5.20,4.80,5.20,170,4.80,5.20,4.80,5.20,0,0,0
HVX,20140425,5.20,5.20,5.00,5.00,800,5.20,5.20,5.00,5.00,0,0,0
HVX,20140424,5.20,5.20,5.20,5.20,2200,5.20,5.20,5.20,5.20,0,0,0
HVX,20140423,5.30,5.30,5.30,5.30,880,5.30,5.30,5.30,5.30,0,0,0
HVX,20140422,5.30,5.30,5.30,5.30,300,5.30,5.30,5.30,5.30,0,0,0
HVX,20140418,5.30,5.30,5.30,5.30,1800,5.30,5.30,5.30,5.30,0,0,0
HVX,20140417,5.40,5.50,5.40,5.50,310,5.40,5.50,5.40,5.50,0,0,0
HVX,20140416,5.60,5.60,5.50,5.50,130,5.60,5.60,5.50,5.50,0,0,0
HVX,20140415,5.00,5.40,5.00,5.40,340,5.00,5.40,5.00,5.40,0,0,0
HVX,20140411,5.20,5.20,5.20,5.20,150,5.20,5.20,5.20,5.20,0,0,0
HVX,20140410,5.40,5.40,5.20,5.20,1750,5.40,5.40,5.20,5.20,0,0,0
HVX,20140408,5.50,5.70,5.40,5.40,1530,5.50,5.70,5.40,5.40,0,0,0
HVX,20140407,5.40,5.40,5.40,5.40,2590,5.40,5.40,5.40,5.40,0,0,0
HVX,20140404,5.40,5.40,5.40,5.40,500,5.40,5.40,5.40,5.40,0,0,0
HVX,20140403,5.20,5.50,5.20,5.50,210,5.20,5.50,5.20,5.50,0,0,0
HVX,20140402,5.60,5.60,5.30,5.30,10750,5.60,5.60,5.30,5.30,0,0,0
HVX,20140401,5.30,5.60,5.30,5.50,360,5.30,5.60,5.30,5.50,0,0,0
HVX,20140331,5.40,5.50,5.40,5.50,10180,5.40,5.50,5.40,5.50,0,0,0
HVX,20140328,5.50,5.90,5.50,5.70,1920,5.50,5.90,5.50,5.70,0,0,0
HVX,20140327,5.60,5.70,5.20,5.70,1830,5.60,5.70,5.20,5.70,0,0,0
HVX,20140326,5.70,5.80,5.40,5.40,6090,5.70,5.80,5.40,5.40,0,0,10
HVX,20140325,5.30,5.70,5.20,5.70,11110,5.30,5.70,5.20,5.70,0,0,0
HVX,20140324,5.10,5.40,5.10,5.40,5420,5.10,5.40,5.10,5.40,0,0,0
HVX,20140321,5.00,5.10,5.00,5.10,3600,5.00,5.10,5.00,5.10,0,0,0
HVX,20140320,5.10,5.10,4.90,5.00,13970,5.10,5.10,4.90,5.00,0,0,4500
HVX,20140319,5.00,5.20,5.00,5.10,13640,5.00,5.20,5.00,5.10,0,10,0
HVX,20140318,4.90,5.00,4.90,4.90,9320,4.90,5.00,4.90,4.90,0,0,2000
HVX,20140317,4.90,5.00,4.90,4.90,1840,4.90,5.00,4.90,4.90,0,0,0
HVX,20140314,4.80,4.80,4.80,4.80,10,4.80,4.80,4.80,4.80,0,0,0
HVX,20140313,4.90,4.90,4.80,4.80,130,4.90,4.90,4.80,4.80,0,0,0
HVX,20140312,4.90,4.90,4.80,4.80,1070,4.90,4.90,4.80,4.80,0,0,0
HVX,20140311,4.90,5.10,4.80,4.80,9510,4.90,5.10,4.80,4.80,0,0,0
HVX,20140310,4.80,4.90,4.80,4.90,1600,4.80,4.90,4.80,4.90,0,0,0
HVX,20140307,4.80,5.00,4.60,5.00,420,4.80,5.00,4.60,5.00,0,0,0
HVX,20140306,4.90,4.90,4.80,4.80,18530,4.90,4.90,4.80,4.80,0,0,0
HVX,20140305,4.90,5.10,4.80,5.10,1790,4.90,5.10,4.80,5.10,0,0,0
HVX,20140304,4.90,5.20,4.90,4.90,4210,4.90,5.20,4.90,4.90,0,0,0
HVX,20140303,4.60,5.20,4.60,5.20,1310,4.60,5.20,4.60,5.20,0,0,0
HVX,20140228,4.90,4.90,4.90,4.90,20,4.90,4.90,4.90,4.90,0,0,0
HVX,20140227,5.10,5.40,4.90,4.90,3400,5.10,5.40,4.90,4.90,0,0,0
HVX,20140226,4.90,5.20,4.80,5.20,3370,4.90,5.20,4.80,5.20,0,0,0
HVX,20140225,4.70,4.90,4.70,4.90,520,4.70,4.90,4.70,4.90,0,0,0
HVX,20140224,4.70,4.70,4.70,4.70,5050,4.70,4.70,4.70,4.70,0,0,0
HVX,20140221,4.50,4.60,4.40,4.60,400,4.50,4.60,4.40,4.60,0,0,0
HVX,20140219,4.40,4.40,4.30,4.30,1270,4.40,4.40,4.30,4.30,0,0,0
HVX,20140218,4.30,4.40,4.30,4.40,3500,4.30,4.40,4.30,4.40,0,0,0
HVX,20140217,4.30,4.50,4.30,4.50,4560,4.30,4.50,4.30,4.50,0,0,760
HVX,20140213,4.30,4.30,4.30,4.30,1630,4.30,4.30,4.30,4.30,0,0,0
HVX,20140212,4.30,4.30,4.30,4.30,30,4.30,4.30,4.30,4.30,0,0,0
HVX,20140211,4.40,4.40,4.30,4.30,2150,4.40,4.40,4.30,4.30,0,0,0
HVX,20140210,4.50,4.50,4.50,4.50,20,4.50,4.50,4.50,4.50,0,0,0
HVX,20140207,4.50,4.50,4.50,4.50,770,4.50,4.50,4.50,4.50,0,0,0
HVX,20140206,4.80,4.80,4.80,4.80,20,4.80,4.80,4.80,4.80,0,0,0
HVX,20140127,4.50,4.70,4.50,4.70,740,4.50,4.70,4.50,4.70,0,0,240
HVX,20140124,4.70,4.70,4.40,4.40,30,4.70,4.70,4.40,4.40,0,0,0
HVX,20140123,4.70,4.70,4.70,4.70,540,4.70,4.70,4.70,4.70,0,0,0
HVX,20140122,4.80,5.00,4.80,5.00,130,4.80,5.00,4.80,5.00,0,0,0
HVX,20140121,5.10,5.10,5.10,5.10,10,5.10,5.10,5.10,5.10,0,0,0
HVX,20140120,4.90,5.10,4.60,5.10,2510,4.90,5.10,4.60,5.10,0,0,0
HVX,20140117,4.90,4.90,4.90,4.90,5400,4.90,4.90,4.90,4.90,0,0,0
HVX,20140116,4.60,4.60,4.60,4.60,2130,4.60,4.60,4.60,4.60,0,0,0
HVX,20140115,4.10,4.30,4.10,4.30,2970,4.10,4.30,4.10,4.30,0,0,0
HVX,20140114,4.10,4.10,4.10,4.10,2010,4.10,4.10,4.10,4.10,0,0,0
HVX,20140113,4.10,4.30,3.90,3.90,6560,4.10,4.30,3.90,3.90,0,1000,0
HVX,20140110,4.10,4.10,4.10,4.10,4010,4.10,4.10,4.10,4.10,0,0,0
HVX,20140109,4.00,4.30,4.00,4.30,1200,4.00,4.30,4.00,4.30,0,0,0
HVX,20140107,4.10,4.30,4.00,4.30,39390,4.10,4.30,4.00,4.30,0,2000,0
HVX,20140103,4.10,4.30,4.00,4.30,4320,4.10,4.30,4.00,4.30,0,0,0
HVX,20140102,4.30,4.30,4.20,4.20,200,4.30,4.30,4.20,4.20,0,0,0
HVX,20131231,4.30,4.30,4.30,4.30,10,4.30,4.30,4.30,4.30,0,0,0
HVX,20131230,4.20,4.20,4.20,4.20,100,4.20,4.20,4.20,4.20,0,0,0
HVX,20131227,4.10,4.50,4.10,4.50,840,4.10,4.50,4.10,4.50,0,0,0
HVX,20131226,4.40,4.40,4.40,4.40,20,4.40,4.40,4.40,4.40,0,0,0
HVX,20131220,4.70,4.70,4.70,4.70,10,4.70,4.70,4.70,4.70,0,0,0
HVX,20131217,4.40,4.60,4.40,4.60,70,4.40,4.60,4.40,4.60,0,0,0
HVX,20131216,4.30,4.30,4.30,4.30,10,4.30,4.30,4.30,4.30,0,0,0
HVX,20131213,4.00,4.10,4.00,4.10,60,4.00,4.10,4.00,4.10,0,0,0
HVX,20131212,3.90,3.90,3.90,3.90,9940,3.90,3.90,3.90,3.90,0,0,0
HVX,20131211,3.90,3.90,3.90,3.90,1000,3.90,3.90,3.90,3.90,0,0,0
HVX,20131210,4.00,4.30,4.00,4.00,1120,4.00,4.30,4.00,4.00,0,0,0
HVX,20131209,4.60,4.60,4.30,4.30,20,4.60,4.60,4.30,4.30,0,0,0
HVX,20131206,4.60,4.60,4.60,4.60,500,4.60,4.60,4.60,4.60,0,0,0
HVX,20131205,4.60,4.60,4.60,4.60,10,4.60,4.60,4.60,4.60,0,0,0
HVX,20131204,4.30,4.30,4.30,4.30,200,4.30,4.30,4.30,4.30,0,0,0
HVX,20131203,4.30,4.30,4.30,4.30,30,4.30,4.30,4.30,4.30,0,0,0
HVX,20131202,4.40,4.40,4.40,4.40,10,4.40,4.40,4.40,4.40,0,0,0
HVX,20131127,4.60,4.60,4.60,4.60,2200,4.60,4.60,4.60,4.60,0,0,0
HVX,20131126,4.30,4.60,4.30,4.60,1650,4.30,4.60,4.30,4.60,0,0,0
HVX,20131125,4.30,4.30,4.30,4.30,900,4.30,4.30,4.30,4.30,0,0,0
HVX,20131122,4.60,4.60,4.60,4.60,70,4.60,4.60,4.60,4.60,0,0,0
HVX,20131121,5.30,5.30,4.90,4.90,30,5.30,5.30,4.90,4.90,0,0,0
HVX,20131120,5.20,5.20,5.20,5.20,2340,5.20,5.20,5.20,5.20,0,0,0
HVX,20131111,5.00,5.50,5.00,5.50,560,5.00,5.50,5.00,5.50,0,0,0
HVX,20131108,5.20,5.20,5.20,5.20,90,5.20,5.20,5.20,5.20,0,0,0
HVX,20131106,5.30,5.50,5.10,5.50,2120,5.30,5.50,5.10,5.50,0,0,0
HVX,20131105,5.30,5.30,5.30,5.30,720,5.30,5.30,5.30,5.30,0,0,0
HVX,20131104,5.60,5.60,5.60,5.60,1000,5.60,5.60,5.60,5.60,0,1000,0
HVX,20131101,5.60,5.60,5.60,5.60,10,5.60,5.60,5.60,5.60,0,0,0
HVX,20131029,5.40,5.40,5.40,5.40,500,5.40,5.40,5.40,5.40,0,0,0
HVX,20131024,5.80,5.80,5.70,5.70,60,5.80,5.80,5.70,5.70,0,0,0
HVX,20131023,5.20,5.50,5.20,5.50,220,5.20,5.50,5.20,5.50,0,0,0
HVX,20131018,5.20,5.20,5.20,5.20,100,5.20,5.20,5.20,5.20,0,0,0
HVX,20131009,5.00,5.20,5.00,5.20,1110,5.00,5.20,5.00,5.20,0,0,0
HVX,20131008,5.20,5.20,5.20,5.20,10,5.20,5.20,5.20,5.20,0,0,0
HVX,20131007,5.40,5.40,5.40,5.40,400,5.40,5.40,5.40,5.40,0,0,0
HVX,20131004,5.20,5.30,5.20,5.30,130,5.20,5.30,5.20,5.30,0,0,0
HVX,20131003,5.00,5.00,4.70,5.00,2020,5.00,5.00,4.70,5.00,0,0,0
HVX,20131002,4.70,4.70,4.70,4.70,10,4.70,4.70,4.70,4.70,0,0,0
HVX,20131001,4.40,4.40,4.40,4.40,10,4.40,4.40,4.40,4.40,0,0,0
HVX,20130930,4.20,4.20,4.20,4.20,10,4.20,4.20,4.20,4.20,0,0,0
HVX,20130926,4.10,4.10,4.00,4.00,40,4.10,4.10,4.00,4.00,0,0,0
HVX,20130925,4.00,4.00,4.00,4.00,720,4.00,4.00,4.00,4.00,0,0,0
HVX,20130920,4.10,4.10,4.10,4.10,10,4.10,4.10,4.10,4.10,0,0,0
HVX,20130916,4.20,4.20,3.90,3.90,6510,4.20,4.20,3.90,3.90,0,0,0
HVX,20130913,4.00,4.00,4.00,4.00,10,4.00,4.00,4.00,4.00,0,0,0
HVX,20130912,3.80,3.80,3.80,3.80,10,3.80,3.80,3.80,3.80,0,0,0
HVX,20130911,3.60,3.60,3.60,3.60,20,3.60,3.60,3.60,3.60,0,0,0
HVX,20130905,3.40,3.40,3.40,3.40,20,3.40,3.40,3.40,3.40,0,0,0
HVX,20130829,3.60,3.60,3.60,3.60,10,3.60,3.60,3.60,3.60,0,0,0
HVX,20130820,3.70,3.70,3.70,3.70,760,3.70,3.70,3.70,3.70,0,0,0
HVX,20130816,3.70,3.70,3.70,3.70,900,3.70,3.70,3.70,3.70,0,0,0
HVX,20130815,3.60,3.60,3.60,3.60,100,3.60,3.60,3.60,3.60,0,0,0
HVX,20130813,3.70,3.70,3.70,3.70,70,3.70,3.70,3.70,3.70,0,0,0
HVX,20130812,3.70,3.70,3.70,3.70,4240,3.70,3.70,3.70,3.70,0,2000,0
HVX,20130807,3.50,3.50,3.50,3.50,200,3.50,3.50,3.50,3.50,0,0,0
HVX,20130729,3.60,3.60,3.60,3.60,110,3.60,3.60,3.60,3.60,0,0,0
HVX,20130716,3.50,3.50,3.50,3.50,30,3.50,3.50,3.50,3.50,0,0,0
HVX,20130715,3.50,3.50,3.50,3.50,10,3.50,3.50,3.50,3.50,0,0,0
HVX,20130712,3.60,3.60,3.60,3.60,780,3.60,3.60,3.60,3.60,0,0,0
HVX,20130711,3.80,3.80,3.40,3.80,480,3.80,3.80,3.40,3.80,0,0,0
HVX,20130710,4.00,4.00,3.60,3.60,20,4.00,4.00,3.60,3.60,0,0,0
HVX,20130709,3.80,3.80,3.80,3.80,10,3.80,3.80,3.80,3.80,0,0,0
HVX,20130708,3.60,4.00,3.60,4.00,10820,3.60,4.00,3.60,4.00,0,0,10310
HVX,20130705,3.90,3.90,3.80,3.80,21780,3.90,3.90,3.80,3.80,0,0,21780
HVX,20130704,4.00,4.00,4.00,4.00,420,4.00,4.00,4.00,4.00,0,0,260
HVX,20130702,4.20,4.20,4.20,4.20,480,4.20,4.20,4.20,4.20,0,0,480
HVX,20130701,4.00,4.00,4.00,4.00,9480,4.00,4.00,4.00,4.00,0,0,9400
HVX,20130628,4.30,4.30,4.30,4.30,10,4.30,4.30,4.30,4.30,0,0,0
HVX,20130627,4.10,4.10,4.10,4.10,1640,4.10,4.10,4.10,4.10,0,0,0
HVX,20130626,4.40,4.40,4.40,4.40,10,4.40,4.40,4.40,4.40,0,0,0
HVX,20130625,4.70,4.70,4.70,4.70,1000,4.70,4.70,4.70,4.70,0,0,0
HVX,20130624,5.00,5.00,5.00,5.00,20,5.00,5.00,5.00,5.00,0,0,20
HVX,20130620,5.00,5.20,5.00,5.20,30,5.00,5.20,5.00,5.20,0,0,0
HVX,20130611,4.80,4.90,4.50,4.90,2040,4.80,4.90,4.50,4.90,0,0,10
HVX,20130610,4.50,4.80,4.50,4.80,1010,4.50,4.80,4.50,4.80,0,0,0
HVX,20130604,4.70,4.80,4.40,4.80,50,4.70,4.80,4.40,4.80,0,0,0
HVX,20130603,4.70,4.70,4.60,4.70,110,4.70,4.70,4.60,4.70,0,0,0
HVX,20130530,4.90,4.90,4.90,4.90,10,4.90,4.90,4.90,4.90,0,0,10
HVX,20130524,4.90,4.90,4.90,4.90,4000,4.90,4.90,4.90,4.90,0,0,4000
HVX,20130523,4.90,4.90,4.90,4.90,5000,4.90,4.90,4.90,4.90,0,0,5000
HVX,20130522,5.00,5.00,4.90,4.90,3030,5.00,5.00,4.90,4.90,0,0,0
HVX,20130521,4.70,4.70,4.70,4.70,10000,4.70,4.70,4.70,4.70,0,0,10000
HVX,20130517,4.80,4.80,4.80,4.80,10,4.80,4.80,4.80,4.80,0,0,0
HVX,20130514,4.60,4.60,4.50,4.50,80,4.60,4.60,4.50,4.50,0,0,70
HVX,20130513,4.00,4.60,4.00,4.60,1210,4.00,4.60,4.00,4.60,0,0,0
HVX,20130510,4.30,4.30,4.30,4.30,20,4.30,4.30,4.30,4.30,0,0,20
HVX,20130509,4.40,4.40,4.40,4.40,90,4.40,4.40,4.40,4.40,0,0,0
HVX,20130507,4.00,4.50,4.00,4.50,30,4.00,4.50,4.00,4.50,0,0,10
HVX,20130506,4.30,4.30,4.30,4.30,10,4.30,4.30,4.30,4.30,0,0,0
HVX,20130503,4.30,4.30,4.10,4.10,14480,4.30,4.30,4.10,4.10,0,14300,14480
HVX,20130502,4.60,4.60,4.40,4.40,14220,4.60,4.60,4.40,4.40,0,13400,1220
HVX,20130426,4.70,4.70,4.70,4.70,13100,4.70,4.70,4.70,4.70,0,13100,13100
HVX,20130425,4.80,4.80,4.80,4.80,22620,4.80,4.80,4.80,4.80,0,12800,12500
HVX,20130424,5.10,5.10,4.90,4.90,16880,5.10,5.10,4.90,4.90,0,12100,3710
HVX,20130423,5.20,5.20,5.20,5.20,12010,5.20,5.20,5.20,5.20,0,11900,11900
HVX,20130422,5.60,5.60,5.50,5.50,260,5.60,5.60,5.50,5.50,0,100,0
HVX,20130418,5.50,5.90,5.50,5.90,1200,5.50,5.90,5.50,5.90,0,1200,0
HVX,20130417,5.30,5.90,5.30,5.80,29570,5.30,5.90,5.30,5.80,0,16000,0
HVX,20130416,5.30,5.60,5.30,5.60,10010,5.30,5.60,5.30,5.60,0,10000,0
HVX,20130415,5.40,5.60,5.30,5.30,11920,5.40,5.60,5.30,5.30,0,11900,0
HVX,20130412,5.60,5.60,5.60,5.60,2630,5.60,5.60,5.60,5.60,0,2500,0
HVX,20130410,5.80,5.80,5.80,5.80,100,5.80,5.80,5.80,5.80,0,0,0
HVX,20130409,5.80,5.80,5.80,5.80,10,5.80,5.80,5.80,5.80,0,0,0
HVX,20130408,5.80,5.80,5.80,5.80,10,5.80,5.80,5.80,5.80,0,0,0
HVX,20130405,5.50,5.50,5.50,5.50,890,5.50,5.50,5.50,5.50,0,0,0
HVX,20130404,5.20,5.40,5.20,5.20,13950,5.20,5.40,5.20,5.20,0,13940,0
HVX,20130403,5.40,5.50,5.40,5.40,6000,5.40,5.50,5.40,5.40,0,5250,0
HVX,20130402,5.80,5.80,5.70,5.80,210,5.80,5.80,5.70,5.80,0,100,0
HVX,20130401,5.30,5.70,5.30,5.70,510,5.30,5.70,5.30,5.70,0,500,0
HVX,20130329,5.40,5.40,5.40,5.40,1100,5.40,5.40,5.40,5.40,0,1020,0
HVX,20130328,5.70,5.70,5.70,5.70,10,5.70,5.70,5.70,5.70,0,0,0
HVX,20130327,5.60,5.60,5.60,5.60,10,5.60,5.60,5.60,5.60,0,0,0
HVX,20130326,5.80,5.90,5.40,5.40,27230,5.80,5.90,5.40,5.40,0,26420,0
HVX,20130325,5.70,5.80,5.70,5.70,630,5.70,5.80,5.70,5.70,0,120,0
HVX,20130322,5.60,5.70,5.60,5.70,1390,5.60,5.70,5.60,5.70,0,290,0
HVX,20130321,5.50,5.60,5.50,5.60,60,5.50,5.60,5.50,5.60,0,0,0
HVX,20130320,5.20,5.50,5.20,5.50,4210,5.20,5.50,5.20,5.50,0,3800,0
HVX,20130319,5.00,5.30,5.00,5.20,10920,5.00,5.30,5.00,5.20,0,10890,0
HVX,20130318,5.00,5.30,5.00,5.30,40,5.00,5.30,5.00,5.30,0,20,0
HVX,20130314,5.30,5.30,5.30,5.30,10,5.30,5.30,5.30,5.30,0,0,0
HVX,20130313,5.00,5.30,5.00,5.30,110,5.00,5.30,5.00,5.30,0,0,0
HVX,20130311,5.20,5.30,5.20,5.30,1060,5.20,5.30,5.20,5.30,0,1050,0
HVX,20130308,5.10,5.20,5.10,5.20,140,5.10,5.20,5.10,5.20,0,0,0
HVX,20130305,5.00,5.30,5.00,5.30,5910,5.00,5.30,5.00,5.30,0,5900,0
HVX,20130304,5.10,5.30,5.00,5.00,8090,5.10,5.30,5.00,5.00,0,8080,0
HVX,20130301,5.30,5.30,5.20,5.20,20,5.30,5.30,5.20,5.20,0,0,0
HVX,20130228,5.20,5.20,5.20,5.20,40,5.20,5.20,5.20,5.20,0,0,0
HVX,20130227,5.10,5.20,5.00,5.20,7660,5.10,5.20,5.00,5.20,0,7600,0
HVX,20130226,5.20,5.30,5.10,5.30,4030,5.20,5.30,5.10,5.30,0,4000,0
HVX,20130225,5.30,5.30,5.20,5.20,700,5.30,5.30,5.20,5.20,0,680,0
HVX,20130222,5.20,5.30,5.20,5.30,11200,5.20,5.30,5.20,5.30,0,11180,0
HVX,20130221,5.40,5.50,5.20,5.20,3400,5.40,5.50,5.20,5.20,0,0,0
HVX,20130220,5.40,5.40,5.30,5.40,580,5.40,5.40,5.30,5.40,0,500,0
HVX,20130219,5.30,5.30,5.20,5.30,4340,5.30,5.30,5.20,5.30,0,0,0
HVX,20130218,5.40,5.40,5.20,5.30,3270,5.40,5.40,5.20,5.30,0,2000,0
HVX,20130208,5.30,5.30,5.30,5.30,10,5.30,5.30,5.30,5.30,0,0,0
HVX,20130207,4.90,5.00,4.90,5.00,1550,4.90,5.00,4.90,5.00,0,0,0
HVX,20130206,4.90,4.90,4.90,4.90,650,4.90,4.90,4.90,4.90,0,0,0
HVX,20130205,4.90,4.90,4.90,4.90,1100,4.90,4.90,4.90,4.90,0,1100,0
HVX,20130204,4.80,4.90,4.70,4.80,16010,4.80,4.90,4.70,4.80,0,13700,0
HVX,20130201,4.70,4.80,4.70,4.80,12490,4.70,4.80,4.70,4.80,0,11690,0
HVX,20130130,5.00,5.00,5.00,5.00,10,5.00,5.00,5.00,5.00,0,0,0
HVX,20130129,4.70,4.70,4.70,4.70,3990,4.70,4.70,4.70,4.70,0,2310,0
HVX,20130128,4.60,4.90,4.60,4.90,1190,4.60,4.90,4.60,4.90,0,660,0
HVX,20130125,4.70,4.70,4.50,4.60,1350,4.70,4.70,4.50,4.60,0,20,0
HVX,20130124,4.70,4.70,4.70,4.70,460,4.70,4.70,4.70,4.70,0,0,0
HVX,20130123,4.70,4.70,4.60,4.70,7000,4.70,4.70,4.60,4.70,0,0,0
HVX,20130122,4.20,4.40,4.10,4.40,1230,4.20,4.40,4.10,4.40,0,0,0
HVX,20130121,4.40,4.40,4.30,4.30,2420,4.40,4.40,4.30,4.30,0,0,0
HVX,20130118,4.30,4.30,4.20,4.20,1060,4.30,4.30,4.20,4.20,0,0,0
HVX,20130117,4.30,4.30,4.20,4.20,4350,4.30,4.30,4.20,4.20,0,0,0
HVX,20130116,4.10,4.40,4.10,4.40,20,4.10,4.40,4.10,4.40,0,0,0
HVX,20130115,4.40,4.40,4.40,4.40,100,4.40,4.40,4.40,4.40,0,0,0
HVX,20130111,4.30,4.40,4.30,4.40,300,4.30,4.40,4.30,4.40,0,0,0
HVX,20130110,4.30,4.30,4.30,4.30,30,4.30,4.30,4.30,4.30,0,0,0
HVX,20130109,4.40,4.40,4.20,4.20,1820,4.40,4.40,4.20,4.20,0,0,0
HVX,20130108,4.40,4.50,4.20,4.20,5090,4.40,4.50,4.20,4.20,0,0,0
HVX,20130107,4.30,4.40,4.30,4.40,6250,4.30,4.40,4.30,4.40,0,0,0
HVX,20130104,4.30,4.50,4.30,4.50,90,4.30,4.50,4.30,4.50,0,0,0
HVX,20130103,4.60,4.60,4.50,4.50,700,4.60,4.60,4.50,4.50,0,0,0
HVX,20130102,4.40,4.40,4.40,4.40,90,4.40,4.40,4.40,4.40,0,0,0
HVX,20121228,4.20,4.40,4.20,4.20,630,4.20,4.40,4.20,4.20,0,0,0
HVX,20121227,4.40,4.40,4.40,4.40,10,4.40,4.40,4.40,4.40,0,0,0
HVX,20121226,4.10,4.20,4.10,4.20,2040,4.10,4.20,4.10,4.20,0,1600,0
HVX,20121224,4.00,4.00,4.00,4.00,3250,4.00,4.00,4.00,4.00,0,0,0
HVX,20121221,3.90,3.90,3.90,3.90,5250,3.90,3.90,3.90,3.90,0,0,0
HVX,20121220,4.00,4.00,3.80,3.80,1360,4.00,4.00,3.80,3.80,0,0,0
HVX,20121219,3.90,3.90,3.80,3.90,3080,3.90,3.90,3.80,3.90,0,0,0
HVX,20121218,3.90,3.90,3.80,3.80,6710,3.90,3.90,3.80,3.80,0,0,0
HVX,20121217,4.00,4.00,3.90,4.00,4290,4.00,4.00,3.90,4.00,0,0,0
HVX,20121214,4.00,4.00,3.90,3.90,70,4.00,4.00,3.90,3.90,0,0,0
HVX,20121213,3.90,4.10,3.90,3.90,2030,3.90,4.10,3.90,3.90,0,0,0
HVX,20121212,3.90,4.10,3.90,4.00,6820,3.90,4.10,3.90,4.00,0,0,0
HVX,20121211,3.90,4.10,3.90,4.00,4770,3.90,4.10,3.90,4.00,0,1100,0
HVX,20121210,4.10,4.10,4.10,4.10,50,4.10,4.10,4.10,4.10,0,0,0
HVX,20121207,4.30,4.30,4.10,4.10,2910,4.30,4.30,4.10,4.10,0,1700,0
HVX,20121206,3.80,4.20,3.80,4.20,1300,3.80,4.20,3.80,4.20,0,0,0
HVX,20121205,4.00,4.00,4.00,4.00,10,4.00,4.00,4.00,4.00,0,0,0
HVX,20121204,4.00,4.00,3.90,3.90,30,4.00,4.00,3.90,3.90,0,0,0
HVX,20121203,3.90,3.90,3.90,3.90,1570,3.90,3.90,3.90,3.90,0,1560,0
HVX,20121130,3.80,3.80,3.80,3.80,10,3.80,3.80,3.80,3.80,0,0,0
HVX,20121129,3.80,3.90,3.80,3.90,240,3.80,3.90,3.80,3.90,0,0,0
HVX,20121128,3.90,3.90,3.80,3.80,3840,3.90,3.90,3.80,3.80,0,1700,0
HVX,20121127,3.80,3.80,3.80,3.80,6380,3.80,3.80,3.80,3.80,0,0,0
HVX,20121126,3.80,3.80,3.80,3.80,2000,3.80,3.80,3.80,3.80,0,0,0
HVX,20121123,3.90,3.90,3.80,3.80,720,3.90,3.90,3.80,3.80,0,0,0
HVX,20121122,3.80,4.00,3.80,4.00,20100,3.80,4.00,3.80,4.00,0,0,0
HVX,20121121,3.90,4.00,3.90,4.00,220,3.90,4.00,3.90,4.00,0,0,0
HVX,20121120,4.10,4.10,4.10,4.10,20,4.10,4.10,4.10,4.10,0,0,0
HVX,20121119,3.80,4.00,3.80,4.00,1420,3.80,4.00,3.80,4.00,0,0,0
HVX,20121116,3.90,3.90,3.90,3.90,1000,3.90,3.90,3.90,3.90,0,0,0
HVX,20121115,3.90,3.90,3.80,3.90,1230,3.90,3.90,3.80,3.90,0,0,0
HVX,20121114,3.90,4.00,3.80,3.80,880,3.90,4.00,3.80,3.80,0,0,0
HVX,20121113,3.90,3.90,3.80,3.90,7610,3.90,3.90,3.80,3.90,0,0,0
HVX,20121112,3.80,3.80,3.80,3.80,10,3.80,3.80,3.80,3.80,0,0,0
HVX,20121109,3.90,3.90,3.70,3.70,50,3.90,3.90,3.70,3.70,0,0,0
HVX,20121108,3.80,3.80,3.80,3.80,10,3.80,3.80,3.80,3.80,0,0,0
HVX,20121107,3.90,3.90,3.70,3.70,140,3.90,3.90,3.70,3.70,0,0,0
HVX,20121106,3.80,3.80,3.80,3.80,7010,3.80,3.80,3.80,3.80,0,0,0
HVX,20121105,3.90,3.90,3.90,3.90,10,3.90,3.90,3.90,3.90,0,0,0
HVX,20121102,3.90,3.90,3.90,3.90,4030,3.90,3.90,3.90,3.90,0,0,0
HVX,20121101,4.10,4.10,4.10,4.10,10,4.10,4.10,4.10,4.10,0,0,0
HVX,20121031,3.90,4.00,3.90,4.00,510,3.90,4.00,3.90,4.00,0,0,0
HVX,20121030,3.90,3.90,3.90,3.90,1000,3.90,3.90,3.90,3.90,0,0,0
HVX,20121029,3.80,3.90,3.80,3.90,8020,3.80,3.90,3.80,3.90,0,0,0
HVX,20121026,3.90,3.90,3.90,3.90,10000,3.90,3.90,3.90,3.90,0,0,0
HVX,20121025,4.00,4.10,3.90,4.10,4560,4.00,4.10,3.90,4.10,0,0,0
HVX,20121024,4.10,4.10,4.10,4.10,30,4.10,4.10,4.10,4.10,0,0,0
HVX,20121023,4.10,4.10,4.10,4.10,100,4.10,4.10,4.10,4.10,0,0,0
HVX,20121022,4.30,4.50,4.30,4.30,3130,4.30,4.50,4.30,4.30,0,0,0
HVX,20121017,4.20,4.30,4.20,4.30,40,4.20,4.30,4.20,4.30,0,0,0
HVX,20121016,4.20,4.20,4.20,4.20,40,4.20,4.20,4.20,4.20,0,0,0
HVX,20121015,4.00,4.00,4.00,4.00,560,4.00,4.00,4.00,4.00,0,0,0
HVX,20121012,4.10,4.10,4.10,4.10,10,4.10,4.10,4.10,4.10,0,0,0
HVX,20121011,4.00,4.10,4.00,4.10,1060,4.00,4.10,4.00,4.10,0,0,0
HVX,20121010,4.00,4.00,4.00,4.00,500,4.00,4.00,4.00,4.00,0,0,0
HVX,20121009,4.20,4.20,4.20,4.20,10,4.20,4.20,4.20,4.20,0,0,0
HVX,20121008,4.10,4.40,4.10,4.40,20,4.10,4.40,4.10,4.40,0,0,0
HVX,20121004,4.30,4.30,4.30,4.30,30,4.30,4.30,4.30,4.30,0,0,0
HVX,20120928,4.10,4.50,4.10,4.50,1020,4.10,4.50,4.10,4.50,0,0,0
HVX,20120927,4.30,4.30,4.30,4.30,30,4.30,4.30,4.30,4.30,0,0,0
HVX,20120926,4.40,4.40,4.40,4.40,10,4.40,4.40,4.40,4.40,0,0,0
HVX,20120921,4.60,4.60,4.60,4.60,10,4.60,4.60,4.60,4.60,0,0,0
HVX,20120920,4.50,4.50,4.50,4.50,14920,4.50,4.50,4.50,4.50,0,0,0
HVX,20120918,4.40,4.70,4.40,4.70,510,4.40,4.70,4.40,4.70,0,0,0
HVX,20120917,4.60,4.60,4.60,4.60,10,4.60,4.60,4.60,4.60,0,0,0
HVX,20120906,4.50,4.80,4.50,4.80,4990,4.50,4.80,4.50,4.80,0,0,0
HVX,20120905,4.70,4.70,4.70,4.70,10,4.70,4.70,4.70,4.70,0,0,0
HVX,20120831,4.70,4.90,4.70,4.90,20,4.70,4.90,4.70,4.90,0,0,0
HVX,20120830,5.00,5.00,4.70,4.90,3760,5.00,5.00,4.70,4.90,0,0,0
HVX,20120828,4.90,4.90,4.90,4.90,20,4.90,4.90,4.90,4.90,0,0,0
HVX,20120824,4.70,4.70,4.70,4.70,10,4.70,4.70,4.70,4.70,0,0,0
HVX,20120823,4.60,4.60,4.60,4.60,10,4.60,4.60,4.60,4.60,0,0,0
HVX,20120822,4.70,4.80,4.70,4.80,20,4.70,4.80,4.70,4.80,0,0,0
HVX,20120821,4.90,4.90,4.90,4.90,30,4.90,4.90,4.90,4.90,0,0,0
HVX,20120817,4.60,4.90,4.60,4.90,1010,4.60,4.90,4.60,4.90,0,0,0
HVX,20120816,4.80,4.80,4.80,4.80,20,4.80,4.80,4.80,4.80,0,0,0
HVX,20120813,5.10,5.10,5.00,5.00,190,5.10,5.10,5.00,5.00,0,0,0
HVX,20120810,5.30,5.30,5.00,5.00,480,5.30,5.30,5.00,5.00,0,0,0
HVX,20120808,5.20,5.20,5.20,5.20,10,5.20,5.20,5.20,5.20,0,0,0
HVX,20120807,5.10,5.10,4.80,5.00,1020,5.10,5.10,4.80,5.00,0,0,0
HVX,20120806,5.00,5.00,5.00,5.00,10,5.00,5.00,5.00,5.00,0,0,0
HVX,20120803,4.80,4.90,4.80,4.90,1010,4.80,4.90,4.80,4.90,0,0,0
HVX,20120802,5.00,5.00,5.00,5.00,20,5.00,5.00,5.00,5.00,0,0,0
HVX,20120801,4.80,4.80,4.80,4.80,1000,4.80,4.80,4.80,4.80,0,0,0
HVX,20120731,4.70,4.90,4.70,4.80,970,4.70,4.90,4.70,4.80,0,0,0
HVX,20120730,4.50,4.70,4.50,4.70,1620,4.50,4.70,4.50,4.70,0,0,0
HVX,20120727,4.30,4.70,4.30,4.70,20,4.30,4.70,4.30,4.70,0,0,0
HVX,20120726,4.50,4.50,4.50,4.50,30,4.50,4.50,4.50,4.50,0,0,0
HVX,20120724,5.00,5.00,4.70,4.70,910,5.00,5.00,4.70,4.70,0,0,0
HVX,20120720,4.90,4.90,4.90,4.90,320,4.90,4.90,4.90,4.90,0,0,0
HVX,20120719,4.80,4.80,4.80,4.80,1630,4.80,4.80,4.80,4.80,0,0,0
HVX,20120718,4.80,4.90,4.80,4.90,450,4.80,4.90,4.80,4.90,0,0,0
HVX,20120716,4.70,4.90,4.70,4.90,980,4.70,4.90,4.70,4.90,0,0,0
HVX,20120713,4.60,4.90,4.60,4.90,410,4.60,4.90,4.60,4.90,0,0,0
HVX,20120712,4.80,4.80,4.80,4.80,40,4.80,4.80,4.80,4.80,0,0,0
HVX,20120711,4.80,5.00,4.80,5.00,3010,4.80,5.00,4.80,5.00,0,0,0
HVX,20120710,4.70,5.00,4.70,5.00,2230,4.70,5.00,4.70,5.00,0,0,0
HVX,20120709,4.90,4.90,4.90,4.90,10,4.90,4.90,4.90,4.90,0,0,0
HVX,20120706,4.70,4.90,4.70,4.90,3300,4.70,4.90,4.70,4.90,0,0,0
HVX,20120705,4.90,4.90,4.90,4.90,1000,4.90,4.90,4.90,4.90,0,0,0
HVX,20120704,5.10,5.10,5.10,5.10,20,5.10,5.10,5.10,5.10,0,0,0
HVX,20120703,5.00,5.00,4.70,5.00,220,5.00,5.00,4.70,5.00,0,0,0
HVX,20120629,4.70,4.90,4.50,4.90,1010,4.70,4.90,4.50,4.90,0,0,0
HVX,20120628,4.70,4.70,4.70,4.70,4060,4.70,4.70,4.70,4.70,0,0,0
HVX,20120627,4.70,4.90,4.70,4.90,1650,4.70,4.90,4.70,4.90,0,0,0
HVX,20120626,4.90,4.90,4.90,4.90,220,4.90,4.90,4.90,4.90,0,0,0
HVX,20120625,5.10,5.10,5.10,5.10,1000,5.10,5.10,5.10,5.10,0,0,0
HVX,20120622,5.10,5.30,5.10,5.30,11190,5.10,5.30,5.10,5.30,0,0,0
HVX,20120621,5.30,5.30,5.30,5.30,10,5.30,5.30,5.30,5.30,0,0,0
HVX,20120620,5.40,5.40,5.40,5.40,10,5.40,5.40,5.40,5.40,0,0,0
HVX,20120619,5.20,5.30,5.20,5.30,590,5.20,5.30,5.20,5.30,0,0,0
HVX,20120618,5.00,5.20,5.00,5.20,170,5.00,5.20,5.00,5.20,0,0,0
HVX,20120615,5.00,5.00,5.00,5.00,4450,5.00,5.00,5.00,5.00,0,0,0
HVX,20120614,4.90,5.00,4.80,4.80,8330,4.90,5.00,4.80,4.80,0,0,0
HVX,20120613,5.20,5.20,5.00,5.00,5110,5.20,5.20,5.00,5.00,0,0,0
HVX,20120612,5.20,5.50,5.20,5.20,920,5.20,5.50,5.20,5.20,0,0,0
HVX,20120611,5.30,5.50,5.30,5.30,7520,5.30,5.50,5.30,5.30,0,0,0
HVX,20120608,5.40,5.50,5.40,5.50,13480,5.40,5.50,5.40,5.50,0,0,0
HVX,20120607,5.40,5.80,5.40,5.60,15590,5.40,5.80,5.40,5.60,0,0,0
HVX,20120606,5.60,5.60,5.20,5.60,8970,5.60,5.60,5.20,5.60,104060,0,0
HVX,20120605,5.30,5.40,5.00,5.40,19380,5.30,5.40,5.00,5.40,0,0,0
HVX,20120604,5.20,5.60,5.20,5.20,7320,5.20,5.60,5.20,5.20,0,0,0
HVX,20120601,5.30,5.50,5.30,5.40,9630,5.30,5.50,5.30,5.40,0,0,0
HVX,20120531,5.50,5.50,5.50,5.50,4020,5.50,5.50,5.50,5.50,0,0,0
HVX,20120530,5.70,5.90,5.70,5.70,1040,5.70,5.90,5.70,5.70,0,0,0
HVX,20120529,5.70,5.90,5.70,5.90,560,5.70,5.90,5.70,5.90,0,0,0
HVX,20120528,5.90,5.90,5.70,5.90,580,5.90,5.90,5.70,5.90,0,0,0
HVX,20120525,5.70,5.80,5.61,5.70,3780,6.10,6.20,6.00,6.10,0,0,0
HVX,20120524,5.33,5.89,5.33,5.61,15430,5.70,6.30,5.70,6.00,0,0,0
HVX,20120523,5.80,5.80,5.61,5.61,260,6.20,6.20,6.00,6.00,0,0,0
HVX,20120522,5.98,5.98,5.70,5.89,50760,6.40,6.40,6.10,6.30,0,0,0
HVX,20120521,5.61,5.89,5.42,5.89,15530,6.00,6.30,5.80,6.30,0,0,0
HVX,20120518,5.42,5.60,5.32,5.61,9720,5.80,6.00,5.70,6.00,0,0,0
HVX,20120517,5.52,5.52,5.42,5.51,12370,5.90,5.90,5.80,5.90,0,0,0
HVX,20120516,5.32,5.42,5.23,5.33,5310,5.70,5.80,5.60,5.70,0,0,0
HVX,20120515,5.23,5.51,5.23,5.23,11330,5.60,5.90,5.60,5.60,0,0,0
HVX,20120514,5.51,5.89,5.42,5.42,29790,5.90,6.30,5.80,5.80,0,0,0
HVX,20120511,6.26,6.26,5.70,5.70,41210,6.70,6.70,6.10,6.10,0,0,0
HVX,20120510,5.98,5.98,5.98,5.98,38360,6.40,6.40,6.40,6.40,0,0,0
HVX,20120509,5.70,5.70,5.70,5.70,36340,6.10,6.10,6.10,6.10,0,0,0
HVX,20120508,5.52,5.52,5.52,5.51,55960,5.90,5.90,5.90,5.90,0,0,0
HVX,20120507,5.33,5.33,5.33,5.33,3150,5.70,5.70,5.70,5.70,0,0,0
HVX,20120504,5.14,5.14,5.04,5.14,70260,5.50,5.50,5.40,5.50,0,0,0
HVX,20120503,4.96,4.96,4.86,4.95,23460,5.30,5.30,5.20,5.30,0,0,0
HVX,20120502,4.77,4.77,4.77,4.77,16450,5.10,5.10,5.10,5.10,0,0,0
HVX,20120427,4.48,4.58,4.48,4.58,24880,4.80,4.90,4.80,4.90,0,0,0
HVX,20120426,4.49,4.49,4.30,4.39,9970,4.80,4.80,4.60,4.70,0,0,0
HVX,20120425,4.48,4.48,4.30,4.49,3670,4.80,4.80,4.60,4.80,0,0,0
HVX,20120424,4.21,4.39,4.11,4.39,2300,4.50,4.70,4.40,4.70,0,0,0
HVX,20120423,4.49,4.49,4.30,4.30,9550,4.80,4.80,4.60,4.60,0,0,0
HVX,20120420,4.58,4.58,4.39,4.49,1570,4.90,4.90,4.70,4.80,0,0,0
HVX,20120419,4.58,4.58,4.39,4.58,107430,4.90,4.90,4.70,4.90,0,0,0
HVX,20120418,4.11,4.39,4.01,4.39,24680,4.40,4.70,4.30,4.70,0,0,0
HVX,20120417,4.21,4.30,4.11,4.20,8010,4.50,4.60,4.40,4.50,0,0,0
HVX,20120416,4.11,4.30,4.11,4.30,13320,4.40,4.60,4.40,4.60,0,0,0
HVX,20120413,4.30,4.30,4.20,4.30,4920,4.60,4.60,4.50,4.60,0,0,0
HVX,20120412,4.01,4.11,4.01,4.11,21890,4.30,4.40,4.30,4.40,0,0,0
HVX,20120411,3.74,3.93,3.74,3.92,8400,4.00,4.20,4.00,4.20,0,0,0
HVX,20120410,3.92,3.92,3.73,3.74,5230,4.20,4.20,4.00,4.00,0,0,0
HVX,20120409,3.83,3.92,3.83,3.92,300,4.10,4.20,4.10,4.20,0,0,0
HVX,20120406,3.92,3.92,3.92,3.92,70,4.20,4.20,4.20,4.20,0,0,0
HVX,20120405,3.74,3.93,3.65,3.92,3360,4.00,4.20,3.90,4.20,0,0,0
HVX,20120404,3.73,3.92,3.73,3.74,5150,4.00,4.20,4.00,4.00,0,0,0
HVX,20120403,3.92,3.92,3.92,3.92,10,4.20,4.20,4.20,4.20,0,0,0
HVX,20120330,4.02,4.02,3.93,3.92,2610,4.30,4.30,4.20,4.20,0,0,0
HVX,20120329,4.11,4.11,3.93,4.02,19050,4.40,4.40,4.20,4.30,0,0,0
HVX,20120328,4.01,4.11,3.92,4.02,9730,4.30,4.40,4.20,4.30,0,0,0
HVX,20120327,3.93,3.93,3.93,3.92,35530,4.20,4.20,4.20,4.20,0,0,0
HVX,20120326,3.73,3.73,3.73,3.74,21750,4.00,4.00,4.00,4.00,0,0,0
HVX,20120323,3.55,3.64,3.55,3.64,12160,3.80,3.90,3.80,3.90,0,0,0
HVX,20120322,3.65,3.74,3.55,3.55,4750,3.90,4.00,3.80,3.80,0,0,0
HVX,20120321,3.73,3.73,3.55,3.74,9700,4.00,4.00,3.80,4.00,0,0,4870
HVX,20120320,3.55,3.64,3.55,3.64,10320,3.80,3.90,3.80,3.90,0,0,210
HVX,20120319,3.55,3.64,3.55,3.64,3160,3.80,3.90,3.80,3.90,0,0,0
HVX,20120316,3.55,3.64,3.55,3.55,35740,3.80,3.90,3.80,3.80,0,0,22670
HVX,20120315,3.55,3.64,3.46,3.64,31390,3.80,3.90,3.70,3.90,0,0,0
HVX,20120314,3.55,3.64,3.55,3.55,11670,3.80,3.90,3.80,3.80,0,0,0
HVX,20120313,3.74,3.74,3.64,3.64,18630,4.00,4.00,3.90,3.90,0,0,0
HVX,20120312,3.83,4.02,3.83,3.83,7200,4.10,4.30,4.10,4.10,0,0,0
HVX,20120309,3.92,4.11,3.73,4.02,45930,4.20,4.40,4.00,4.30,0,20000,0
HVX,20120308,3.93,3.93,3.93,3.92,25030,4.20,4.20,4.20,4.20,0,0,0
HVX,20120307,3.73,3.73,3.73,3.74,35810,4.00,4.00,4.00,4.00,0,7750,0
HVX,20120306,3.64,3.64,3.55,3.64,27310,3.90,3.90,3.80,3.90,0,0,0
HVX,20120305,3.46,3.55,3.46,3.55,11520,3.70,3.80,3.70,3.80,0,0,0
HVX,20120302,3.36,3.45,3.27,3.46,8620,3.60,3.70,3.50,3.70,0,0,0
HVX,20120301,3.18,3.36,3.18,3.36,2120,3.40,3.60,3.40,3.60,0,0,0
HVX,20120229,3.09,3.27,3.09,3.27,1110,3.30,3.50,3.30,3.50,0,0,0
HVX,20120228,3.36,3.36,3.18,3.18,25830,3.60,3.60,3.40,3.40,0,0,0
HVX,20120227,3.27,3.27,3.27,3.27,16140,3.50,3.50,3.50,3.50,0,0,0
HVX,20120224,3.17,3.17,3.08,3.18,31910,3.40,3.40,3.30,3.40,0,0,0
HVX,20120223,2.99,3.08,2.90,3.08,15130,3.20,3.30,3.10,3.30,0,0,0
HVX,20120222,2.99,3.08,2.99,2.99,8130,3.20,3.30,3.20,3.20,0,0,0
HVX,20120221,2.99,3.08,2.99,3.08,11540,3.20,3.30,3.20,3.30,0,0,0
HVX,20120220,2.99,3.08,2.99,3.08,15160,3.20,3.30,3.20,3.30,0,0,0
HVX,20120217,2.99,2.99,2.99,2.99,1100,3.20,3.20,3.20,3.20,0,0,0
HVX,20120216,2.90,2.90,2.90,2.90,420,3.10,3.10,3.10,3.10,0,0,0
HVX,20120215,2.99,2.99,2.99,2.99,600,3.20,3.20,3.20,3.20,0,0,0
HVX,20120214,3.08,3.08,3.08,3.08,10,3.30,3.30,3.30,3.30,0,0,0
HVX,20120213,3.09,3.09,3.09,3.08,200,3.30,3.30,3.30,3.30,0,0,0
HVX,20120210,3.09,3.18,3.09,3.18,50,3.30,3.40,3.30,3.40,0,0,0
HVX,20120209,3.17,3.17,3.17,3.18,20,3.40,3.40,3.40,3.40,0,0,0
HVX,20120207,2.99,3.08,2.99,3.08,600,3.20,3.30,3.20,3.30,0,0,0
HVX,20120206,2.99,2.99,2.99,2.99,530,3.20,3.20,3.20,3.20,0,0,0
HVX,20120203,2.99,2.99,2.90,2.90,27720,3.20,3.20,3.10,3.10,0,0,0
HVX,20120202,2.89,2.89,2.89,2.90,16100,3.10,3.10,3.10,3.10,0,0,0
HVX,20120201,2.81,2.81,2.81,2.80,25450,3.00,3.00,3.00,3.00,0,0,0
HVX,20120131,2.89,2.89,2.80,2.90,21290,3.10,3.10,3.00,3.10,0,0,0
HVX,20120130,2.89,2.89,2.80,2.80,2500,3.10,3.10,3.00,3.00,0,0,0
HVX,20120120,2.71,2.80,2.71,2.80,3510,2.90,3.00,2.90,3.00,0,0,0
HVX,20120119,2.80,2.80,2.62,2.80,1960,3.00,3.00,2.80,3.00,0,0,0
HVX,20120118,2.71,2.71,2.71,2.71,550,2.90,2.90,2.90,2.90,0,0,0
HVX,20120117,2.62,2.71,2.62,2.71,2350,2.80,2.90,2.80,2.90,0,0,0
HVX,20120116,2.71,2.71,2.53,2.71,5610,2.90,2.90,2.70,2.90,0,0,0
HVX,20120113,2.62,2.62,2.53,2.62,1210,2.80,2.80,2.70,2.80,0,0,0
HVX,20120112,2.61,2.61,2.61,2.62,390,2.80,2.80,2.80,2.80,0,0,0
HVX,20120111,2.52,2.52,2.43,2.52,970,2.70,2.70,2.60,2.70,0,0,0
HVX,20120110,2.34,2.43,2.34,2.43,18990,2.50,2.60,2.50,2.60,0,0,0
HVX,20120109,2.52,2.52,2.34,2.34,200,2.70,2.70,2.50,2.50,0,0,0
HVX,20120105,2.43,2.43,2.43,2.43,450,2.60,2.60,2.60,2.60,0,0,0
HVX,20120104,2.34,2.52,2.34,2.52,3010,2.50,2.70,2.50,2.70,0,0,0
HVX,20111230,2.43,2.43,2.43,2.43,1350,2.60,2.60,2.60,2.60,0,0,0
HVX,20111229,2.33,2.33,2.33,2.34,3560,2.50,2.50,2.50,2.50,0,0,0
HVX,20111228,2.43,2.43,2.25,2.24,5020,2.60,2.60,2.40,2.40,0,0,0
HVX,20111227,2.34,2.34,2.25,2.34,5010,2.50,2.50,2.40,2.50,0,0,0
HVX,20111226,2.34,2.34,2.34,2.34,5230,2.50,2.50,2.50,2.50,0,0,0
HVX,20111223,2.43,2.43,2.34,2.43,540,2.60,2.60,2.50,2.60,0,0,0
HVX,20111222,2.34,2.43,2.34,2.34,5030,2.50,2.60,2.50,2.50,0,0,0
HVX,20111221,2.52,2.52,2.43,2.43,11000,2.70,2.70,2.60,2.60,0,0,0
HVX,20111220,2.62,2.62,2.53,2.52,2210,2.80,2.80,2.70,2.70,0,0,0
HVX,20111219,2.71,2.71,2.62,2.62,3000,2.90,2.90,2.80,2.80,0,0,0
HVX,20111216,2.89,2.89,2.71,2.71,1000,3.10,3.10,2.90,2.90,0,0,0
HVX,20111214,2.81,2.81,2.81,2.80,110,3.00,3.00,3.00,3.00,0,0,0
HVX,20111208,2.81,2.90,2.81,2.90,650,3.00,3.10,3.00,3.10,0,0,0
HVX,20111207,2.71,2.89,2.71,2.90,2740,2.90,3.10,2.90,3.10,0,0,0
HVX,20111206,2.80,2.80,2.80,2.80,10,3.00,3.00,3.00,3.00,0,0,0
HVX,20111205,2.89,2.89,2.71,2.71,21810,3.10,3.10,2.90,2.90,0,0,18300
HVX,20111202,2.71,2.80,2.71,2.80,1030,2.90,3.00,2.90,3.00,0,0,1030
HVX,20111201,2.81,2.81,2.81,2.80,1610,3.00,3.00,3.00,3.00,0,0,1610
HVX,20111130,2.90,2.90,2.90,2.90,230,3.10,3.10,3.10,3.10,0,0,230
HVX,20111129,2.99,2.99,2.99,2.99,20,3.20,3.20,3.20,3.20,0,0,0
HVX,20111124,3.08,3.08,2.99,2.99,1600,3.30,3.30,3.20,3.20,0,0,200
HVX,20111123,3.09,3.09,3.09,3.08,10,3.30,3.30,3.30,3.30,0,0,0
HVX,20111122,3.18,3.18,3.18,3.18,3000,3.40,3.40,3.40,3.40,0,0,0
HVX,20111118,3.18,3.18,3.18,3.18,4040,3.40,3.40,3.40,3.40,0,0,4040
HVX,20111116,3.36,3.36,3.27,3.27,880,3.60,3.60,3.50,3.50,0,0,0
HVX,20111115,3.27,3.27,3.27,3.27,30,3.50,3.50,3.50,3.50,0,0,0
HVX,20111114,3.37,3.37,3.37,3.36,30,3.60,3.60,3.60,3.60,0,0,0
HVX,20111109,3.46,3.46,3.46,3.46,100,3.70,3.70,3.70,3.70,0,0,0
HVX,20111108,3.46,3.46,3.46,3.46,200,3.70,3.70,3.70,3.70,0,0,0
HVX,20111107,3.46,3.55,3.46,3.55,1240,3.70,3.80,3.70,3.80,0,950,0
HVX,20111104,3.46,3.55,3.46,3.55,120,3.70,3.80,3.70,3.80,0,0,0
HVX,20111103,3.46,3.55,3.46,3.55,340,3.70,3.80,3.70,3.80,0,0,0
HVX,20111102,3.46,3.55,3.46,3.55,110,3.70,3.80,3.70,3.80,0,0,0
HVX,20111101,3.55,3.55,3.55,3.55,70,3.80,3.80,3.80,3.80,0,0,0
HVX,20111031,3.36,3.45,3.36,3.46,50,3.60,3.70,3.60,3.70,0,0,0
HVX,20111028,3.36,3.36,3.36,3.36,3200,3.60,3.60,3.60,3.60,0,0,0
HVX,20111027,3.36,3.36,3.27,3.27,1460,3.60,3.60,3.50,3.50,0,0,0
HVX,20111026,3.46,3.46,3.37,3.36,1620,3.70,3.70,3.60,3.60,0,0,0
HVX,20111025,3.46,3.46,3.46,3.46,1500,3.70,3.70,3.70,3.70,0,0,0
HVX,20111024,3.55,3.55,3.55,3.55,2970,3.80,3.80,3.80,3.80,0,0,0
HVX,20111021,3.55,3.55,3.46,3.46,3230,3.80,3.80,3.70,3.70,0,0,0
HVX,20111020,3.55,3.55,3.37,3.55,5450,3.80,3.80,3.60,3.80,0,0,0
HVX,20111019,3.64,3.64,3.46,3.46,10570,3.90,3.90,3.70,3.70,0,0,0
HVX,20111018,3.55,3.64,3.55,3.55,8530,3.80,3.90,3.80,3.80,0,0,0
HVX,20111017,3.55,3.64,3.55,3.64,5500,3.80,3.90,3.80,3.90,0,0,0
HVX,20111014,3.55,3.64,3.55,3.64,2020,3.80,3.90,3.80,3.90,0,0,0
HVX,20111013,3.65,3.74,3.55,3.55,14140,3.90,4.00,3.80,3.80,0,0,0
HVX,20111012,3.65,3.74,3.65,3.74,40,3.90,4.00,3.90,4.00,0,0,0
HVX,20111011,3.74,3.74,3.74,3.74,50,4.00,4.00,4.00,4.00,0,0,0
HVX,20111010,3.74,3.74,3.74,3.74,1000,4.00,4.00,4.00,4.00,0,0,0
HVX,20111007,3.64,3.74,3.64,3.74,7520,3.90,4.00,3.90,4.00,0,0,0
HVX,20111006,3.74,3.83,3.55,3.83,1400,4.00,4.10,3.80,4.10,0,0,0
HVX,20111005,3.73,3.73,3.55,3.74,150,4.00,4.00,3.80,4.00,0,0,0
HVX,20111004,3.83,3.83,3.64,3.64,5210,4.10,4.10,3.90,3.90,0,0,0
HVX,20111003,3.83,3.83,3.83,3.83,40,4.10,4.10,4.10,4.10,0,0,0
HVX,20110930,3.83,3.83,3.64,3.74,5070,4.10,4.10,3.90,4.00,0,0,0
HVX,20110929,3.92,3.92,3.83,3.83,3050,4.20,4.20,4.10,4.10,0,0,0
HVX,20110928,3.83,3.83,3.74,3.83,1470,4.10,4.10,4.00,4.10,0,0,0
HVX,20110927,3.74,3.74,3.74,3.74,430,4.00,4.00,4.00,4.00,0,0,0
HVX,20110926,3.83,3.83,3.64,3.74,9820,4.10,4.10,3.90,4.00,0,0,0
HVX,20110923,3.55,3.83,3.55,3.83,710,3.80,4.10,3.80,4.10,0,0,0
HVX,20110922,3.83,3.83,3.64,3.74,11160,4.10,4.10,3.90,4.00,0,0,0
HVX,20110921,3.83,4.02,3.83,3.83,1220,4.10,4.30,4.10,4.10,0,0,0
HVX,20110920,4.01,4.01,3.73,4.02,1820,4.30,4.30,4.00,4.30,0,0,0
HVX,20110919,3.92,4.11,3.92,3.92,8130,4.20,4.40,4.20,4.20,0,0,0
HVX,20110916,4.20,4.20,4.01,4.11,360,4.50,4.50,4.30,4.40,0,0,0
HVX,20110915,4.30,4.39,4.21,4.20,120,4.60,4.70,4.50,4.50,0,0,0
HVX,20110914,4.20,4.29,4.11,4.30,11310,4.50,4.60,4.40,4.60,0,0,0
HVX,20110913,4.20,4.29,4.11,4.20,9970,4.50,4.60,4.40,4.50,0,0,0
HVX,20110912,4.11,4.20,4.11,4.20,1240,4.40,4.50,4.40,4.50,0,0,0
HVX,20110909,4.01,4.11,4.01,4.11,3210,4.30,4.40,4.30,4.40,0,0,0
HVX,20110908,4.01,4.20,4.01,4.20,8540,4.30,4.50,4.30,4.50,0,0,0
HVX,20110907,4.01,4.20,4.01,4.20,2070,4.30,4.50,4.30,4.50,0,0,0
HVX,20110906,4.11,4.20,4.11,4.20,540,4.40,4.50,4.40,4.50,0,0,0
HVX,20110905,4.11,4.11,4.11,4.11,10,4.40,4.40,4.40,4.40,0,0,0
HVX,20110901,4.20,4.29,4.20,4.30,780,4.50,4.60,4.50,4.60,0,0,0
HVX,20110831,4.11,4.20,4.11,4.20,900,4.40,4.50,4.40,4.50,0,0,0
HVX,20110830,4.01,4.11,4.01,4.11,1380,4.30,4.40,4.30,4.40,0,0,0
HVX,20110829,3.83,3.93,3.83,3.92,1360,4.10,4.20,4.10,4.20,0,0,0
HVX,20110826,3.74,3.74,3.74,3.74,100,4.00,4.00,4.00,4.00,0,0,0
HVX,20110825,3.73,3.73,3.73,3.74,5530,4.00,4.00,4.00,4.00,0,0,0
HVX,20110824,3.92,4.11,3.92,3.92,520,4.20,4.40,4.20,4.20,0,0,0
HVX,20110819,4.11,4.11,4.11,4.11,200,4.40,4.40,4.40,4.40,0,0,0
HVX,20110818,4.11,4.21,4.11,4.20,20,4.40,4.50,4.40,4.50,0,0,0
HVX,20110817,4.01,4.01,4.01,4.02,20,4.30,4.30,4.30,4.30,0,0,0
HVX,20110812,4.01,4.20,4.01,4.20,20,4.30,4.50,4.30,4.50,0,0,0
HVX,20110803,3.92,4.20,3.92,4.20,20,4.20,4.50,4.20,4.50,0,0,0
HVX,20110801,3.93,4.11,3.93,4.11,100,4.20,4.40,4.20,4.40,0,0,0
HVX,20110729,4.29,4.29,4.01,4.02,450,4.60,4.60,4.30,4.30,0,0,0
HVX,20110727,4.21,4.21,4.21,4.20,130,4.50,4.50,4.50,4.50,0,0,0
HVX,20110726,4.29,4.29,4.29,4.30,100,4.60,4.60,4.60,4.60,0,0,0
HVX,20110725,4.20,4.20,4.20,4.20,3000,4.50,4.50,4.50,4.50,0,0,0
HVX,20110722,4.20,4.39,4.20,4.20,370,4.50,4.70,4.50,4.50,0,0,0
HVX,20110721,4.39,4.39,4.39,4.39,20,4.70,4.70,4.70,4.70,0,0,0
HVX,20110720,4.48,4.48,4.20,4.20,80,4.80,4.80,4.50,4.50,0,0,0
HVX,20110719,4.01,4.39,4.01,4.39,520,4.30,4.70,4.30,4.70,0,0,0
HVX,20110718,4.39,4.39,4.20,4.20,2,4.70,4.70,4.50,4.50,0,0,0
HVX,20110715,4.49,4.49,4.40,4.39,20,4.80,4.80,4.70,4.70,0,0,0
HVX,20110714,4.58,4.58,4.49,4.49,160,4.90,4.90,4.80,4.80,0,0,0
HVX,20110713,4.48,4.48,4.48,4.49,10,4.80,4.80,4.80,4.80,0,0,0
HVX,20110712,4.39,4.39,4.39,4.39,60,4.70,4.70,4.70,4.70,0,0,0
HVX,20110711,4.39,4.48,4.39,4.39,20,4.70,4.80,4.70,4.70,0,0,0
HVX,20110708,4.39,4.39,4.39,4.39,10,4.70,4.70,4.70,4.70,0,0,0
HVX,20110707,4.39,4.39,4.39,4.39,320,4.70,4.70,4.70,4.70,0,0,0
HVX,20110706,4.40,4.40,4.40,4.39,30,4.70,4.70,4.70,4.70,0,0,0
HVX,20110705,4.48,4.48,4.48,4.49,120,4.80,4.80,4.80,4.80,0,0,0
HVX,20110701,4.21,4.39,4.21,4.39,110,4.50,4.70,4.50,4.70,0,0,0
HVX,20110630,4.30,4.48,4.30,4.30,2080,4.60,4.80,4.60,4.60,0,0,0
HVX,20110629,4.39,4.39,4.39,4.39,100,4.70,4.70,4.70,4.70,0,0,0
HVX,20110627,4.58,4.58,4.58,4.58,30,4.90,4.90,4.90,4.90,0,0,0
HVX,20110624,4.58,4.58,4.58,4.58,70,4.90,4.90,4.90,4.90,0,0,0
HVX,20110623,4.58,4.67,4.58,4.58,240,4.90,5.00,4.90,4.90,0,0,0
HVX,20110621,4.76,4.76,4.67,4.67,860,5.10,5.10,5.00,5.00,0,0,0
HVX,20110617,4.86,4.86,4.67,4.67,3340,5.20,5.20,5.00,5.00,0,0,0
HVX,20110616,4.76,4.86,4.76,4.86,5090,5.10,5.20,5.10,5.20,0,0,0
HVX,20110615,4.95,4.95,4.95,4.95,130,5.30,5.30,5.30,5.30,0,0,0
HVX,20110614,5.14,5.14,4.95,5.14,4600,5.50,5.50,5.30,5.50,0,0,0
HVX,20110613,4.95,5.14,4.86,5.14,730,5.30,5.50,5.20,5.50,0,0,0
HVX,20110610,5.14,5.14,4.95,4.95,2490,5.50,5.50,5.30,5.30,0,0,0
HVX,20110609,4.86,5.14,4.86,5.14,1110,5.20,5.50,5.20,5.50,0,0,0
HVX,20110608,4.76,5.04,4.76,5.05,110,5.10,5.40,5.10,5.40,0,0,0
HVX,20110607,4.67,4.95,4.67,4.95,60,5.00,5.30,5.00,5.30,0,0,0
HVX,20110606,4.77,4.86,4.58,4.86,230,5.10,5.20,4.90,5.20,0,0,0
HVX,20110603,4.76,4.76,4.48,4.77,120,5.10,5.10,4.80,5.10,0,0,0
HVX,20110602,4.49,4.68,4.49,4.67,1100,4.80,5.00,4.80,5.00,0,0,0
HVX,20110601,4.39,4.49,4.21,4.49,6110,4.70,4.80,4.50,4.80,0,0,0
HVX,20110531,4.30,4.30,4.30,4.30,20090,4.60,4.60,4.60,4.60,0,0,0
HVX,20110530,4.49,4.49,4.49,4.49,10,4.80,4.80,4.80,4.80,0,0,0
HVX,20110527,4.30,4.30,4.30,4.30,9440,4.60,4.60,4.60,4.60,0,0,0
HVX,20110526,4.30,4.68,4.30,4.39,1600,4.60,5.00,4.60,4.70,0,0,0
HVX,20110525,4.86,4.86,4.48,4.49,3230,5.20,5.20,4.80,4.80,0,0,0
HVX,20110524,4.95,4.95,4.67,4.67,50,5.30,5.30,5.00,5.00,0,0,0
HVX,20110523,4.86,4.86,4.86,4.86,350,5.20,5.20,5.20,5.20,0,0,0
HVX,20110520,5.05,5.05,5.05,5.05,1000,5.40,5.40,5.40,5.40,0,0,0
HVX,20110519,4.48,4.86,4.48,4.86,50,4.80,5.20,4.80,5.20,0,0,0
HVX,20110518,4.67,4.67,4.67,4.67,40,5.00,5.00,5.00,5.00,0,0,0
HVX,20110517,4.86,5.05,4.86,4.86,19680,5.20,5.40,5.20,5.20,0,0,0
HVX,20110516,5.14,5.14,5.04,5.05,1320,5.50,5.50,5.40,5.40,0,0,0
HVX,20110513,5.23,5.23,5.23,5.23,12500,5.60,5.60,5.60,5.60,0,0,0
HVX,20110512,5.23,5.23,5.23,5.23,800,5.60,5.60,5.60,5.60,0,0,0
HVX,20110511,5.05,5.24,5.05,5.23,3180,5.40,5.60,5.40,5.60,0,0,0
HVX,20110510,4.84,5.02,4.84,5.05,2900,5.20,5.40,5.20,5.40,0,0,0
HVX,20110509,5.20,5.20,4.93,4.93,2010,5.90,5.90,5.60,5.60,0,0,0
HVX,20110506,5.20,5.29,5.11,5.11,30,5.90,6.00,5.80,5.80,0,0,0
HVX,20110505,5.11,5.20,5.11,5.20,20,5.80,5.90,5.80,5.90,0,0,0
HVX,20110504,5.11,5.11,5.11,5.11,10,5.80,5.80,5.80,5.80,0,0,0
HVX,20110428,4.84,4.93,4.84,4.93,4190,5.50,5.60,5.50,5.60,0,0,0
HVX,20110427,5.02,5.11,5.02,5.02,1550,5.70,5.80,5.70,5.70,0,0,0
HVX,20110426,5.02,5.20,5.02,5.20,40,5.70,5.90,5.70,5.90,0,0,0
HVX,20110425,5.11,5.20,5.11,5.20,20,5.80,5.90,5.80,5.90,0,0,0
HVX,20110422,5.03,5.03,5.03,5.02,120,5.70,5.70,5.70,5.70,0,0,0
HVX,20110420,5.29,5.29,5.29,5.29,10,6.00,6.00,6.00,6.00,0,0,0
HVX,20110419,5.02,5.20,5.02,5.20,40,5.70,5.90,5.70,5.90,0,0,0
HVX,20110418,5.02,5.20,5.02,5.11,272,5.70,5.90,5.70,5.80,0,0,0
HVX,20110415,5.20,5.20,5.20,5.20,300,5.90,5.90,5.90,5.90,0,0,0
HVX,20110414,5.02,5.20,4.93,5.20,7950,5.70,5.90,5.60,5.90,0,0,0
HVX,20110413,4.93,5.11,4.93,5.11,20,5.60,5.80,5.60,5.80,0,0,0
HVX,20110408,5.11,5.29,5.03,5.02,120,5.80,6.00,5.70,5.70,0,0,0
HVX,20110406,5.11,5.29,5.11,5.29,2220,5.80,6.00,5.80,6.00,0,0,0
HVX,20110405,4.84,5.20,4.84,5.20,6270,5.50,5.90,5.50,5.90,0,0,0
HVX,20110404,5.11,5.11,5.02,5.02,10010,5.80,5.80,5.70,5.70,0,0,0
HVX,20110401,5.11,5.11,5.11,5.11,100,5.80,5.80,5.80,5.80,0,0,0
HVX,20110331,5.20,5.20,5.11,5.20,1010,5.90,5.90,5.80,5.90,0,0,0
HVX,20110330,5.02,5.20,5.02,5.20,200,5.70,5.90,5.70,5.90,0,0,0
HVX,20110329,5.11,5.20,5.11,5.20,30,5.80,5.90,5.80,5.90,0,0,0
HVX,20110328,5.02,5.11,4.84,5.11,1840,5.70,5.80,5.50,5.80,0,0,0
HVX,20110325,4.93,5.02,4.93,4.93,1270,5.60,5.70,5.60,5.60,0,0,0
HVX,20110324,5.29,5.29,5.03,5.02,70,6.00,6.00,5.70,5.70,0,0,0
HVX,20110323,5.29,5.29,5.29,5.29,1500,6.00,6.00,6.00,6.00,0,0,0
HVX,20110322,5.29,5.29,5.11,5.29,1240,6.00,6.00,5.80,6.00,0,0,0
HVX,20110321,5.11,5.29,5.11,5.11,730,5.80,6.00,5.80,5.80,0,0,0
HVX,20110318,5.28,5.28,5.28,5.29,220,6.00,6.00,6.00,6.00,0,0,0
HVX,20110315,5.38,5.38,5.38,5.37,10,6.10,6.10,6.10,6.10,0,0,0
HVX,20110314,5.64,5.64,5.28,5.29,8680,6.40,6.40,6.00,6.00,0,0,0
HVX,20110311,5.38,5.47,5.29,5.46,11180,6.10,6.20,6.00,6.20,0,0,0
HVX,20110310,5.11,5.28,5.11,5.29,2200,5.80,6.00,5.80,6.00,0,0,0
HVX,20110309,5.03,5.20,5.03,5.02,40,5.70,5.90,5.70,5.70,0,0,0
HVX,20110307,5.38,5.38,5.29,5.29,80,6.10,6.10,6.00,6.00,0,0,0
HVX,20110304,5.29,5.29,5.20,5.29,340,6.00,6.00,5.90,6.00,0,0,0
HVX,20110303,5.02,5.20,5.02,5.20,110,5.70,5.90,5.70,5.90,0,0,0
HVX,20110302,5.02,5.20,5.02,5.20,4100,5.70,5.90,5.70,5.90,0,0,0
HVX,20110301,5.20,5.20,5.20,5.20,1710,5.90,5.90,5.90,5.90,20000,0,0
HVX,20110228,5.11,5.20,5.03,5.20,6480,5.80,5.90,5.70,5.90,0,0,0
HVX,20110225,5.29,5.29,5.29,5.29,900,6.00,6.00,6.00,6.00,0,0,0
HVX,20110224,5.37,5.46,5.28,5.29,5170,6.10,6.20,6.00,6.00,0,0,0
HVX,20110223,5.37,5.63,5.37,5.37,2430,6.10,6.40,6.10,6.10,0,0,0
HVX,20110222,5.29,5.38,5.02,5.37,7420,6.00,6.10,5.70,6.10,0,0,0
HVX,20110221,5.72,5.72,5.20,5.20,1150,6.50,6.50,5.90,5.90,0,0,0
HVX,20110218,5.46,5.46,5.46,5.46,10000,6.20,6.20,6.20,6.20,0,0,0
HVX,20110217,5.64,5.64,5.55,5.55,11950,6.40,6.40,6.30,6.30,0,0,0
HVX,20110216,5.55,5.64,5.55,5.64,270,6.30,6.40,6.30,6.40,0,0,0
HVX,20110215,5.64,5.64,5.64,5.64,200,6.40,6.40,6.40,6.40,0,0,0
HVX,20110214,5.99,5.99,5.55,5.73,11610,6.80,6.80,6.30,6.50,0,0,0
HVX,20110211,5.90,5.90,5.46,5.81,11760,6.70,6.70,6.20,6.60,0,0,0
HVX,20110210,5.72,5.90,5.64,5.64,1880,6.50,6.70,6.40,6.40,0,0,0
HVX,20110209,5.47,5.91,5.47,5.90,600,6.20,6.70,6.20,6.70,0,0,0
HVX,20110208,5.55,5.73,5.55,5.73,8010,6.30,6.50,6.30,6.50,0,0,0
HVX,20110128,5.55,5.73,5.46,5.55,1870,6.30,6.50,6.20,6.30,0,0,0
HVX,20110127,5.81,5.81,5.63,5.64,70,6.60,6.60,6.40,6.40,0,0,0
HVX,20110126,5.72,5.81,5.72,5.81,210,6.50,6.60,6.50,6.60,0,0,0
HVX,20110125,5.81,5.81,5.37,5.81,2630,6.60,6.60,6.10,6.60,0,0,0
HVX,20110124,5.73,5.73,5.55,5.55,54620,6.50,6.50,6.30,6.30,0,0,0
HVX,20110121,5.81,5.81,5.63,5.73,11590,6.60,6.60,6.40,6.50,0,0,0
HVX,20110120,5.90,5.90,5.81,5.81,420,6.70,6.70,6.60,6.60,0,0,0
HVX,20110119,5.81,5.90,5.72,5.90,5890,6.60,6.70,6.50,6.70,0,0,0
HVX,20110118,5.99,5.99,5.81,5.81,14210,6.80,6.80,6.60,6.60,0,0,0
HVX,20110117,5.99,5.99,5.81,5.99,2730,6.80,6.80,6.60,6.80,0,0,0
HVX,20110114,6.08,6.08,5.82,5.90,5260,6.90,6.90,6.60,6.70,0,100,0
HVX,20110113,5.99,6.08,5.99,6.08,630,6.80,6.90,6.80,6.90,0,100,0
HVX,20110112,5.73,6.08,5.73,5.99,32930,6.50,6.90,6.50,6.80,0,0,0
HVX,20110111,5.81,5.99,5.81,5.99,3210,6.60,6.80,6.60,6.80,0,0,0
HVX,20110110,5.82,5.99,5.64,5.99,10580,6.60,6.80,6.40,6.80,0,0,0
HVX,20110107,6.08,6.08,5.73,5.73,19540,6.90,6.90,6.50,6.50,0,0,0
HVX,20110106,5.90,5.99,5.82,5.99,87380,6.70,6.80,6.60,6.80,0,0,0
HVX,20110105,5.99,6.08,5.99,6.08,54900,6.80,6.90,6.80,6.90,0,0,0
HVX,20110104,5.99,6.17,5.99,6.08,37530,6.80,7.00,6.80,6.90,0,0,0
HVX,20101231,5.90,6.07,5.72,6.08,1720,6.70,6.90,6.50,6.90,0,0,0
HVX,20101230,5.73,6.08,5.73,5.81,16920,6.50,6.90,6.50,6.60,0,0,0
HVX,20101229,5.90,6.08,5.90,5.99,73020,6.70,6.90,6.70,6.80,0,0,0
HVX,20101228,5.81,5.99,5.81,5.99,17610,6.60,6.80,6.60,6.80,0,0,0
HVX,20101227,6.08,6.16,5.81,5.90,5260,6.90,7.00,6.60,6.70,0,0,0
HVX,20101224,5.90,5.90,5.81,5.90,57830,6.70,6.70,6.60,6.70,0,0,0
HVX,20101223,5.90,5.90,5.81,5.81,22130,6.70,6.70,6.60,6.60,0,0,0
HVX,20101222,5.90,5.90,5.90,5.90,31580,6.70,6.70,6.70,6.70,0,12390,0
HVX,20101221,5.73,5.91,5.73,5.90,16220,6.50,6.70,6.50,6.70,0,12070,0
HVX,20101220,6.16,6.16,5.72,5.73,4590,7.00,7.00,6.50,6.50,0,0,0
HVX,20101217,5.46,5.90,5.46,5.90,2230,6.20,6.70,6.20,6.70,0,0,0
HVX,20101216,5.55,5.99,5.55,5.64,5120,6.30,6.80,6.30,6.40,0,0,0
HVX,20101215,6.08,6.08,5.82,5.81,31320,6.90,6.90,6.60,6.60,0,0,0
HVX,20101214,6.17,6.17,5.99,6.08,8170,7.00,7.00,6.80,6.90,0,0,0
HVX,20101213,6.08,6.16,6.08,6.17,69030,6.90,7.00,6.90,7.00,0,0,0
HVX,20101210,6.17,6.17,5.90,5.90,10410,7.00,7.00,6.70,6.70,0,0,0
HVX,20101209,5.99,5.99,5.99,5.99,200,6.80,6.80,6.80,6.80,0,0,0
HVX,20101208,6.08,6.08,6.00,5.99,16980,6.90,6.90,6.80,6.80,0,0,0
HVX,20101207,6.44,6.44,6.17,6.26,10730,7.30,7.30,7.00,7.10,0,0,0
HVX,20101206,6.26,6.35,6.00,6.26,30760,7.10,7.20,6.80,7.10,0,0,0
HVX,20101203,6.08,6.25,6.08,6.26,45130,6.90,7.10,6.90,7.10,0,0,0
HVX,20101202,5.99,6.17,5.90,5.99,21140,6.80,7.00,6.70,6.80,0,0,0
HVX,20101201,5.99,6.17,5.99,5.99,21020,6.80,7.00,6.80,6.80,0,0,0
HVX,20101130,6.07,6.07,5.90,5.99,34300,6.90,6.90,6.70,6.80,0,0,0
HVX,20101129,5.81,5.90,5.81,5.81,8000,6.60,6.70,6.60,6.60,0,0,0
HVX,20101126,6.08,6.08,5.73,5.81,16310,6.90,6.90,6.50,6.60,0,0,0
HVX,20101125,6.08,6.16,5.90,5.99,15830,6.90,7.00,6.70,6.80,0,0,0
HVX,20101124,5.73,5.90,5.73,5.90,16600,6.50,6.70,6.50,6.70,0,0,0
HVX,20101123,5.28,5.63,5.28,5.64,26710,6.00,6.40,6.00,6.40,0,0,0
HVX,20101122,5.29,5.38,5.20,5.37,22230,6.00,6.10,5.90,6.10,0,0,0
HVX,20101119,5.29,5.29,5.11,5.29,42470,6.00,6.00,5.80,6.00,0,0,0
HVX,20101118,4.93,5.11,4.93,5.11,5460,5.60,5.80,5.60,5.80,0,0,0
HVX,20101117,5.20,5.20,4.93,4.93,9690,5.90,5.90,5.60,5.60,0,0,0
HVX,20101116,5.20,5.20,5.02,5.02,9960,5.90,5.90,5.70,5.70,0,0,0
HVX,20101115,5.11,5.20,4.93,5.20,16380,5.80,5.90,5.60,5.90,0,0,0
HVX,20101112,5.37,5.37,5.11,5.11,30840,6.10,6.10,5.80,5.80,0,0,0
HVX,20101111,5.47,5.47,5.29,5.37,2920,6.20,6.20,6.00,6.10,0,0,0
HVX,20101110,5.37,5.37,5.28,5.29,5600,6.10,6.10,6.00,6.00,0,0,0
HVX,20101109,5.55,5.55,5.46,5.46,6890,6.30,6.30,6.20,6.20,0,0,0
HVX,20101108,5.81,5.81,5.55,5.55,11960,6.60,6.60,6.30,6.30,0,0,0
HVX,20101105,5.64,5.90,5.64,5.81,14810,6.40,6.70,6.40,6.60,0,0,0
HVX,20101104,5.46,5.64,5.46,5.64,4100,6.20,6.40,6.20,6.40,0,0,0
HVX,20101103,5.73,5.73,5.47,5.46,14030,6.50,6.50,6.20,6.20,0,0,0
HVX,20101102,5.81,5.81,5.72,5.73,8620,6.60,6.60,6.50,6.50,0,0,0
HVX,20101101,5.90,5.90,5.73,5.81,8520,6.70,6.70,6.50,6.60,0,0,0
HVX,20101029,6.17,6.17,6.00,5.99,26010,7.00,7.00,6.80,6.80,0,0,0
HVX,20101028,6.08,6.26,6.08,6.26,5630,6.90,7.10,6.90,7.10,0,0,0
HVX,20101027,6.43,6.61,6.17,6.26,4690,7.30,7.50,7.00,7.10,0,0,0
HVX,20101026,6.26,6.43,6.17,6.43,28270,7.10,7.30,7.00,7.30,0,0,0
HVX,20101025,6.17,6.35,6.08,6.17,9530,7.00,7.20,6.90,7.00,0,0,0
HVX,20101022,6.17,6.26,6.17,6.17,5260,7.00,7.10,7.00,7.00,0,0,0
HVX,20101021,6.26,6.26,6.00,6.17,17620,7.10,7.10,6.80,7.00,0,0,0
HVX,20101020,6.52,6.52,6.26,6.26,33610,7.40,7.40,7.10,7.10,0,0,0
HVX,20101019,6.70,6.70,6.44,6.52,25270,7.60,7.60,7.30,7.40,0,0,0
HVX,20101018,7.14,7.14,6.70,6.70,10820,8.10,8.10,7.60,7.60,0,0,0
HVX,20101015,7.04,7.22,6.96,6.96,13990,8.00,8.20,7.90,7.90,0,0,0
HVX,20101014,7.23,7.40,7.23,7.22,54670,8.20,8.40,8.20,8.20,0,0,0
HVX,20101013,7.40,7.58,7.23,7.58,48680,8.40,8.60,8.20,8.60,0,0,0
HVX,20101012,7.58,7.58,7.58,7.58,16170,8.60,8.60,8.60,8.60,0,0,0
HVX,20101011,7.23,7.93,7.23,7.93,5450,8.20,9.00,8.20,9.00,0,0,0
HVX,20101008,7.75,7.93,7.58,7.58,2360,8.80,9.00,8.60,8.60,0,0,0
HVX,20101007,7.66,7.92,7.57,7.93,16240,8.70,9.00,8.60,9.00,0,0,0
HVX,20101006,7.22,7.66,7.22,7.66,33670,8.20,8.70,8.20,8.70,0,0,0
HVX,20101005,7.31,7.31,7.31,7.31,11100,8.30,8.30,8.30,8.30,0,0,0
HVX,20101004,8.02,8.02,7.67,7.66,23160,9.10,9.10,8.70,8.70,0,100,0
HVX,20101001,8.02,8.19,8.02,8.02,17910,9.10,9.30,9.10,9.10,0,0,0
HVX,20100930,8.37,8.37,8.37,8.37,27370,9.50,9.50,9.50,9.50,0,0,0
HVX,20100929,8.90,8.90,8.72,8.72,74130,10.10,10.10,9.90,9.90,0,0,0
HVX,20100928,9.16,9.69,9.16,9.16,158600,10.40,11.00,10.40,10.40,0,0,0
